"V1"	"V2"	"V3"	"V4"	"V5"	"V6"	"V7"	"V8"	"V9"	"V10"	"V11"	"V12"	"V13"	"V14"	"V15"	"V16"
"1"	"AAAA"	"ATAA"	"ACAA"	"AGAA"	"TAAA"	"TTAA"	"TCAA"	"TGAA"	"CAAA"	"CTAA"	"CCAA"	"CGAA"	"GAAA"	"GTAA"	"GCAA"	"GGAA"
"2"	"AAAT"	"ATAT"	"ACAT"	"AGAT"	"TAAT"	"TTAT"	"TCAT"	"TGAT"	"CAAT"	"CTAT"	"CCAT"	"CGAT"	"GAAT"	"GTAT"	"GCAT"	"GGAT"
"3"	"AAAC"	"ATAC"	"ACAC"	"AGAC"	"TAAC"	"TTAC"	"TCAC"	"TGAC"	"CAAC"	"CTAC"	"CCAC"	"CGAC"	"GAAC"	"GTAC"	"GCAC"	"GGAC"
"4"	"AAAG"	"ATAG"	"ACAG"	"AGAG"	"TAAG"	"TTAG"	"TCAG"	"TGAG"	"CAAG"	"CTAG"	"CCAG"	"CGAG"	"GAAG"	"GTAG"	"GCAG"	"GGAG"
"5"	"AATA"	"ATTA"	"ACTA"	"AGTA"	"TATA"	"TTTA"	"TCTA"	"TGTA"	"CATA"	"CTTA"	"CCTA"	"CGTA"	"GATA"	"GTTA"	"GCTA"	"GGTA"
"6"	"AATT"	"ATTT"	"ACTT"	"AGTT"	"TATT"	"TTTT"	"TCTT"	"TGTT"	"CATT"	"CTTT"	"CCTT"	"CGTT"	"GATT"	"GTTT"	"GCTT"	"GGTT"
"7"	"AATC"	"ATTC"	"ACTC"	"AGTC"	"TATC"	"TTTC"	"TCTC"	"TGTC"	"CATC"	"CTTC"	"CCTC"	"CGTC"	"GATC"	"GTTC"	"GCTC"	"GGTC"
"8"	"AATG"	"ATTG"	"ACTG"	"AGTG"	"TATG"	"TTTG"	"TCTG"	"TGTG"	"CATG"	"CTTG"	"CCTG"	"CGTG"	"GATG"	"GTTG"	"GCTG"	"GGTG"
"9"	"AACA"	"ATCA"	"ACCA"	"AGCA"	"TACA"	"TTCA"	"TCCA"	"TGCA"	"CACA"	"CTCA"	"CCCA"	"CGCA"	"GACA"	"GTCA"	"GCCA"	"GGCA"
"10"	"AACT"	"ATCT"	"ACCT"	"AGCT"	"TACT"	"TTCT"	"TCCT"	"TGCT"	"CACT"	"CTCT"	"CCCT"	"CGCT"	"GACT"	"GTCT"	"GCCT"	"GGCT"
"11"	"AACC"	"ATCC"	"ACCC"	"AGCC"	"TACC"	"TTCC"	"TCCC"	"TGCC"	"CACC"	"CTCC"	"CCCC"	"CGCC"	"GACC"	"GTCC"	"GCCC"	"GGCC"
"12"	"AACG"	"ATCG"	"ACCG"	"AGCG"	"TACG"	"TTCG"	"TCCG"	"TGCG"	"CACG"	"CTCG"	"CCCG"	"CGCG"	"GACG"	"GTCG"	"GCCG"	"GGCG"
"13"	"AAGA"	"ATGA"	"ACGA"	"AGGA"	"TAGA"	"TTGA"	"TCGA"	"TGGA"	"CAGA"	"CTGA"	"CCGA"	"CGGA"	"GAGA"	"GTGA"	"GCGA"	"GGGA"
"14"	"AAGT"	"ATGT"	"ACGT"	"AGGT"	"TAGT"	"TTGT"	"TCGT"	"TGGT"	"CAGT"	"CTGT"	"CCGT"	"CGGT"	"GAGT"	"GTGT"	"GCGT"	"GGGT"
"15"	"AAGC"	"ATGC"	"ACGC"	"AGGC"	"TAGC"	"TTGC"	"TCGC"	"TGGC"	"CAGC"	"CTGC"	"CCGC"	"CGGC"	"GAGC"	"GTGC"	"GCGC"	"GGGC"
"16"	"AAGG"	"ATGG"	"ACGG"	"AGGG"	"TAGG"	"TTGG"	"TCGG"	"TGGG"	"CAGG"	"CTGG"	"CCGG"	"CGGG"	"GAGG"	"GTGG"	"GCGG"	"GGGG"
