Phage Name,Cluster
244,E
Aangyi,Unclustered
AardvarkArthur,Unclustered
Abaris,Unclustered
AbbyNormal,None
ABC123,Unclustered
ABCat,E
Abdiel,A4
Abe1,Unclustered
Abed,Unclustered
Abena,Unclustered
Abilicious4,G
Abre,Unclustered
Abrogate,A1
ABU,B1
Abu1,Unclustered
Acadian,B5
Ace11,Unclustered
Acephal,Unclustered
Achebe,A4
ACheetah,Unclustered
Achilles,Unclustered
Achilles13,Unclustered
Achmed,Unclustered
ActionBDixon,Unclustered
Adam,Unclustered
Adawi,B4
Addy,Unclustered
Adephagia,K1
AdiaLP,Unclustered
Adjutor,D1
Adrian,Unclustered
Adriano919,Unclustered
Adrienne,Unclustered
Adwa,Unclustered
Adzzy,A2
Aeger,Unclustered
Aegis0001,Unclustered
Aeneas,A1
Affiong,Unclustered
AfternoonDlite,Unclustered
Aftershock,Unclustered
Afua,None
AgentP,Unclustered
Agkelos,Unclustered
Aglet,A3
Agumnasia,Unclustered
Aguona,Unclustered
Agwe,Unclustered
Ahawk10,Unclustered
Ahleritis,Unclustered
Ahndy,Unclustered
Ahosey,Unclustered
Airmid,A5
AJ1010,Unclustered
Ajaxious,None
AJWSabo,Unclustered
Ak907,Unclustered
AkanSemIII,Unclustered
Akari,Unclustered
AkinShadow,Unclustered
Akoma,B3
Akroma,Unclustered
Akusoba,Unclustered
Aladeen,Unclustered
ALaeddis,Unclustered
Alaric,Unclustered
Albertella,Unclustered
Alberto,Unclustered
Alberto1,Unclustered
Alberto11,A1
Albrecht,Unclustered
AlbusD,Unclustered
Alcor,Unclustered
AldoRaine,Unclustered
Alejandro,Unclustered
Alex,B1
Alexander,Unclustered
Alfieman,Unclustered
Alice,C1
AliceSaturn,Unclustered
Alicia,Unclustered
Alis,None
Allen,Unclustered
AllenRay,Unclustered
AllieCat,Unclustered
Alloment,Unclustered
Alma,A9
Aloaparom,Unclustered
Alpaca,Unclustered
Alpha,Unclustered
Alphalfa,Unclustered
Alphie,Unclustered
Alphie13,Unclustered
AlphieLion,Unclustered
Alphyn,Unclustered
Alpine ,Unclustered
Alpine7,Unclustered
Alsfro,A1
Altair,Unclustered
Alterdim,Unclustered
Altwerkus,B1
Amaziah,Unclustered
Ambi,Unclustered
Ambition,Unclustered
Amed001,Unclustered
Amelie,K1
Amiratis,Unclustered
Amiscus,Unclustered
Amita,Unclustered
AmKeeZ,Unclustered
Ammit,Unclustered
Amoney,Unclustered
Amontillado,I1
Amore7,Unclustered
Amphi,Unclustered
Anaklusmus,Unclustered
Anarchy,Unclustered
AnasLacus,Unclustered
Anastaciya11,Singleton
Anathema,Unclustered
Anaxagorus,F1
Anaximander,Unclustered
Anaya,K1
Andalicia,Unclustered
Andranna,Unclustered
Andreas,Unclustered
Andromeda,Unclustered
AngeDeLaMort,Unclustered
Angel,G
Angelica,K1
Angelito,Unclustered
AngelSong,Unclustered
Angelwings,Unclustered
Angercorn,Unclustered
Anglerfish,A1
Angus,Unclustered
Anina,Unclustered
Anitus,Unclustered
Anna,Unclustered
AnnaL29,A1
Annathu,Unclustered
Annelida,Unclustered
Annibelle,Unclustered
Annie,Unclustered
AnnieAbelard,Unclustered
Annihilator,G
Anonymous,Unclustered
Ansem,Unclustered
Ant1Dodson,Unclustered
Anthyrobi,Unclustered
Antiswag,Unclustered
Antonesca,Unclustered
Anubis,Unclustered
AnulusNox,Unclustered
Ap0103,Unclustered
AP5Beta,Unclustered
APE308,B1
Apetito,Unclustered
Apizium,B1
Apocalypse,Unclustered
Apollo,Unclustered
Aqua,Unclustered
Aquarose,A2
Aragog,A5
Araneam,Unclustered
Arbiter,B2
Arbol,Unclustered
Arcanine,A1
ArcherNM,None
ArcherS7,C1
Archetta,A5
Archie,L2
Arcie,Unclustered
Arcturus,Unclustered
Ardmore,F1
Ares,B2
AreToDeeTo,Unclustered
Argh,Unclustered
Argo,Unclustered
Ariel,J
Arielle,Unclustered
Arienne,F1
ArigunDD10,Unclustered
ArigunHALO,Unclustered
ArigunLND,Unclustered
Arizona,Unclustered
Aro9312,Unclustered
Arroz,Unclustered
Artemis,Unclustered
Artemis2UCLA,A6
ArtieJr,Unclustered
Arturo,A4
Asclepius,Unclustered
AsepTech,Unclustered
Asert12,Unclustered
Ash1,Unclustered
Asha,Unclustered
Ashleigh,Unclustered
AsianInvasion,Unclustered
Aspire,Unclustered
Astaroth,Unclustered
Astraea,C1
Astro,A8
AstrumP28,B1
Asuzu,A2
Athena,B3
Athos,Unclustered
Atkinbua,Unclustered
Atlas,C1
Atomi,Unclustered
AtticusBane,Unclustered
Audrey,B3
AugustRush,Unclustered
Augustus,Unclustered
Auralea,Unclustered
Auran,Unclustered
Aurelius,Unclustered
Aureole,Unclustered
Aurora,Unclustered
Austrolorp,E
Ava3,C1
Avani,F2
Avatar,Unclustered
Avenger,Unclustered
AverageJoe,Unclustered
Avett,Unclustered
Avrafan,G
Avril,Unclustered
Awan,Unclustered
Awkward,Unclustered
AwkwardPenguin,Unclustered
Ayashe,Unclustered
AyJay1824,B1
AYYpapi,Unclustered
Azenavy,Unclustered
Azeus1,None
Azurill,Unclustered
Babette,Unclustered
Babsiella,I1
BabyBoo,Unclustered
BabyHowie,Unclustered
BabyP,Unclustered
BabyRatchet,A3
BabyTiger,Unclustered
BabyWaffle,Unclustered
Bacaria,Unclustered
Bacatac,Unclustered
Bacchus,Unclustered
Bachome,A11
Backyard,Unclustered
Backyardigan,A4
Bacon,A4
Bactina,Unclustered
Bacx,Unclustered
BadAgartude,Unclustered
Badboyz,Unclustered
Badfish,B1
BadWolf,Unclustered
Bafana,Unclustered
Bailan,Unclustered
BaileyIII,Unclustered
Bails,Unclustered
BAKA,J
Balakay,Unclustered
Balder,Unclustered
Ballerina,Unclustered
Balloon,Unclustered
BALunt2009,Unclustered
BamBam,Unclustered
Bambi,Unclustered
Bamboo,Unclustered
Bamboozle,Unclustered
Banana,Unclustered
Bananas2,Unclustered
Bananigans,Unclustered
Bandgeek,Unclustered
Bandit,Unclustered
Bandsmeg13,Unclustered
Bane1,B4
Bane2,B4
Bangla1971,C1
Banjo,B1
Banshee,Unclustered
Bao85,Unclustered
Barbara,Unclustered
Barberry,Unclustered
Barnabas,Unclustered
Barney,Unclustered
Barnyard,H2
BarrelRoll,K1
BarryO,Unclustered
Bart,Unclustered
Bartley,Unclustered
Bartonat,Unclustered
Basedgod,Unclustered
Basil,Unclustered
Bask21,E
BassSlayer,Unclustered
Batiatus,F1
Battman,Unclustered
Baxter,Unclustered
BaxterTD,None
Bazinga,Unclustered
Bdboytothird89,Unclustered
BDiaz,Unclustered
Beanal19,Unclustered
Beansprout,Unclustered
BeanWater,C1
Bear06,Unclustered
Beast,Unclustered
Beastly,Unclustered
Beau,Unclustered
Beautiphul,Unclustered
Beaux,Unclustered
Bebe,Unclustered
Becca,Unclustered
Beckett,Unclustered
Bectonian,Unclustered
BeeBeeKayElle,Unclustered
Beefington,Unclustered
Beep,Unclustered
BeeQQ,Unclustered
BeesKnees,A1
BEEST,K1
Behemoth,Unclustered
Bella,Unclustered
Bella08,Unclustered
Bella10,Unclustered
Bella4494,Unclustered
Bellatrix,Unclustered
BellaWella,Unclustered
BellusTerra,A4
Bender,Unclustered
Benedict,A5
BengaliBalla92,B1
Bentley,Unclustered
Beowulf,Unclustered
Bernal13,T
Bernard,Unclustered
BernardChase24,Unclustered
Bernardo,B3
Bernice,Unclustered
Bernicus,Unclustered
Berns,Unclustered
Bert1,Unclustered
Bestly69,Unclustered
BestPHever,Unclustered
Betelgeuse,Unclustered
Beth10,Unclustered
Bethlehem,A1
BetsyGirl,Unclustered
Betty,Unclustered
Beyonce,Unclustered
Bfree1,Unclustered
Bhonjo,Unclustered
Bico22,Unclustered
Biebs,Unclustered
Big20,Unclustered
BigBen,Unclustered
BigBertha,Unclustered
BigBird,Unclustered
Bigfoot,Unclustered
BiggieSmalls,Unclustered
BigHalo2,Unclustered
BigMama,D1
BigMau,None
BigNuz,P
BigP,Unclustered
BigPain,Unclustered
BigPapa,Unclustered
BigPoppa,Unclustered
BigRedd,Unclustered
BigRon11,Unclustered
BigSky,Unclustered
Biko,Unclustered
Bill,Unclustered
Billiken,Unclustered
BillKnuckles,A1
BillyJ,Unclustered
BillyP,Unclustered
Binebulous,Unclustered
Bingdu,Unclustered
Bingo,Unclustered
Bink,Unclustered
Biotre3,Unclustered
Bipolar,F1
Bir14,Unclustered
Birthsperate,Unclustered
Biryani,Unclustered
Biscuits,Unclustered
Bish,Unclustered
Bison,A1
Bitsy,Unclustered
BIvory,Unclustered
Blackjugernaut,Unclustered
BlackMagic,Unclustered
Blacknight,Unclustered
BlackOps,Unclustered
BlackPlague,Unclustered
BlackStallion,B1
Blackthunder,Unclustered
Blagers,Unclustered
BlancoPata,Unclustered
Bland,Unclustered
BlaqueIvy,None
Blargy,Unclustered
Blastoise,Unclustered
Blaze,Unclustered
Blazer,None
Blevins,Unclustered
Blink,Unclustered
Blinky,Unclustered
Blister,Unclustered
Blitz,Unclustered
Blitzen,Unclustered
Blizzard,Unclustered
BlkCherry,Unclustered
Blonski,Unclustered
Bloo,Unclustered
Blopp,Unclustered
Blossom,Unclustered
Blowpop,Unclustered
Blue7,A6
BlueHead,Unclustered
BlueMannequin,Unclustered
BlueMountain,Unclustered
Bluntus,Unclustered
Bluster,L2
Bmamba1,Unclustered
BOAA,Unclustered
Boatsnbros,Unclustered
Bob1,Unclustered
Bob2,Unclustered
Bob3,A1
BobbyPin,Unclustered
Bobi,F1
Bobo,Unclustered
BobSquared,Unclustered
Bobsrjrthe3,Unclustered
Bocefus,Unclustered
Boco,Unclustered
Boe26,Unclustered
BoHanna,Unclustered
BoiC,Unclustered
BoldKnight,Unclustered
Bombola,Unclustered
Bond,Unclustered
Bonesquad,Unclustered
Bongo,M1
Bonnie2013,Unclustered
BonQuiQui,Unclustered
BontFonne,K2
Boogeyman,Unclustered
Boogie,Unclustered
Boombay,Unclustered
Boomer,F1
Boomerang,Unclustered
Boon,Unclustered
BOOYA,Unclustered
Bop,Unclustered
Borealis,Unclustered
BoSox,Unclustered
Boss7,Unclustered
BossMaster,Unclustered
Bowie,Unclustered
Boyd,Unclustered
Boyer,Unclustered
BPBiebs31,A1
BPs,G
BQuat,G
Braemar,F1
Brandy,Unclustered
Branton,Unclustered
Bras,Unclustered
Brazos,Unclustered
Breeniome,C1
Breeze,Unclustered
Breezona,L2
Brenda,Unclustered
Brenise,Unclustered
Brenna,Unclustered
Brent03,Unclustered
Brian,Unclustered
BrianSwimBoy,Unclustered
Bridge,Unclustered
Briellie,Unclustered
BrightIdea,Unclustered
Brink,Unclustered
Bristles,Unclustered
Britney,Unclustered
Brittany,Unclustered
Brocalys,F1
BRod943,B1
Brody,A1
Brodysseus,Unclustered
Broe,Unclustered
BroFist,Unclustered
BronBron6,Unclustered
Bronco,Unclustered
Brooke,Unclustered
Brooklyn,None
Broseidon,A4
Broseph,Unclustered
Brown4469,Unclustered
Browncna,B4
Brownie,Unclustered
Bruce,Unclustered
Bruce1,Unclustered
Bruce2,Unclustered
Bruce3,Unclustered
BruceB,G
Bruin,E
Bruiser,A4
Brujita,I1
Bruno,Unclustered
Bruns,A1
Brutar,Unclustered
Brutus,Unclustered
Bruvh,Unclustered
BTBethanie,Unclustered
BTBrendan,Unclustered
Bubba,Unclustered
Bubba1,Unclustered
Bubbajay,A4
Bubble,Unclustered
Bubbles,Unclustered
Bubbles123,F1
BubblesPP,Unclustered
BubbleTrouble,A4
BubbleWrap,Unclustered
BubthatCould,Unclustered
Bubuh,Unclustered
Buckbeak,Unclustered
BuckeyeNut,Unclustered
Buddies,Unclustered
Buddy,A2
BuddyII,Unclustered
Bueller,Unclustered
Buffy,Unclustered
Buffy1,Unclustered
BugABoo27,Unclustered
Buggy,Unclustered
BugSlayer,Unclustered
Bugsy,A2
Buhle,Unclustered
Buisson,J
Buks93,Unclustered
Bulldog,Unclustered
Bullet,Unclustered
BulletM,Unclustered
Bulletproof,Unclustered
BullMach3,Unclustered
BullsEye,B1
Bullseyed,A1
BullseyeJones,Unclustered
Bullzii10,Unclustered
Bumblebee,Unclustered
BunkerPH,Unclustered
Bunnies,P
Burger,A4
Burke,Unclustered
Burnface,Unclustered
Burton,Unclustered
Busi,Unclustered
Buster,Unclustered
BusterBird12,Unclustered
BustinJunch,Unclustered
Buter,Unclustered
Butterball8,Unclustered
Buttercup,Unclustered
Butters,N
Butters12k,Unclustered
Butterscotch,D1
BuzzKiehl,None
BuzzLyseyear,F1
Buzzy,Unclustered
Bwall15,Unclustered
Bwunder,Unclustered
Bxb1,A1
Bxz1,C1
Bxz2,A3
Cabrinians,F1
Cactus,E
Caelakin,A4
Caesar,Unclustered
Cage,Unclustered
Cagedmage,A1
Caguel,Unclustered
Cairo,G
Cakepop,F1
Caldwell,Unclustered
Cali,C1
Caliente,Unclustered
Calkins,Unclustered
CallofDoody,Unclustered
Calvin,Unclustered
Calvin1423,Unclustered
Calypso,Unclustered
Cambria,Unclustered
Cambridge,Unclustered
Camer,Unclustered
CamFighter,Unclustered
Campbell,Unclustered
Camperdownii,A4
Camro,Unclustered
Canadia,Unclustered
Candeohalysis,Unclustered
Cantor,Unclustered
Capa3613,Unclustered
CapnHook,Unclustered
CapnPlanet,Unclustered
Capo,Unclustered
Cappuccino,Unclustered
CaptainKirk,Unclustered
CaptainSmuggle,Unclustered
CaptainTrips,F1
Caracal,Unclustered
Carcharodon,N
Carl,Unclustered
Carlos,Unclustered
Carlos12,Unclustered
Carludy,Unclustered
CarlX,Singleton
Carly,Unclustered
Carmina,Unclustered
Carolina,Unclustered
CarpeDiem,Unclustered
Carsan,Unclustered
Casbe,Unclustered
Casper,Unclustered
Cassandrabaine,Unclustered
Castalia,Unclustered
Castiel,Unclustered
Castillo,Unclustered
Castle,Unclustered
Cat15,Unclustered
Catalina,A9
CatchChoas,Unclustered
Catdawg,O
Catera,C1
Caudill,Unclustered
Caudox,Unclustered
Cavaluma8,Unclustered
Caviar,Unclustered
CBaby,Unclustered
Ccsemp,Unclustered
CCurtis,Unclustered
Cdunk,Unclustered
Ceci11,None
CeeJay,Unclustered
Ceibuss,Unclustered
Ceis,Unclustered
Cello,Unclustered
Cemi,Unclustered
Centroid,Unclustered
Centurion,Unclustered
Cerasum,F1
Cerberus,Unclustered
Cerberus21,Unclustered
Ceres,Unclustered
Cersei,Unclustered
Ceto,Unclustered
CGeorge,Unclustered
Chachi,P
ChadA,Unclustered
ChadB,Unclustered
Chadwick,A5
Chah,B1
Chai,E
ChalupaB,Unclustered
Chameleon,Unclustered
Champ,Unclustered
Champ2010,Unclustered
Champers16,Unclustered
Chanbicelli,Unclustered
Chance21,Unclustered
Chanceux,Unclustered
Chand,Unclustered
Changeling,A2
Chaos,Unclustered
Chaotic,Unclustered
Chargaff,Unclustered
Charity,Unclustered
Charizard,Unclustered
Charlie,N
Charlie05,Unclustered
Charlie1,Unclustered
Charlie5,Unclustered
CharlieB,C1
CharlieBrwn,Unclustered
Charlotte,Unclustered
Charm,Unclustered
Charon,Unclustered
Chaser,Unclustered
Chauncey,Unclustered
Chayyim,Unclustered
Chaz0914,Unclustered
Che,Unclustered
Che12,A2
Che8,F1
Che9c,I2
Che9d,F2
Cheebun,Unclustered
Cheeky,Unclustered
CheekyPuff,Unclustered
Cheerio,Unclustered
Cheetobro,K4
CheMahBo,Unclustered
Chempanal,Unclustered
ChenoWicz,Unclustered
Cherry,Unclustered
Cherrybomb,Unclustered
Cherrybomb426,G
Chesed,Unclustered
Chester,None
Chester190,Unclustered
ChewTrain,Unclustered
Chewy,Unclustered
Chicharito14,Unclustered
Chiddy,Unclustered
Chief117,Unclustered
ChiefKeef,Unclustered
ChiefLongTail,Unclustered
ChienChien,Unclustered
Chikondi,F1
Chimichanga,Unclustered
ChiPhiGuy,Unclustered
ChipMunk,A2
ChipNip,Unclustered
ChippingIce,Unclustered
Chiquita,E
Chirese,Unclustered
Chloe,Unclustered
Chlomister,Unclustered
Choco,Unclustered
Cholly,Unclustered
Chopasama,Unclustered
Chorkpop,B1
Chowder,Unclustered
ChrIke,None
Chris91,Unclustered
ChrisnMich,B4
Chrissy,Unclustered
Chronos,Unclustered
Chub,Unclustered
Chubby,Unclustered
ChubbyBunny,Unclustered
Chuck,Unclustered
ChuckNorris,Unclustered
Chumley,Unclustered
Chunky,B1
ChunkyMonkey,Unclustered
Churr,Unclustered
Chyante,Unclustered
Cielo,Unclustered
CileyMyrus,Unclustered
CillBosby,Unclustered
Cinco,Unclustered
CincyZoo,Unclustered
Cinder,Unclustered
Cinderblock,Unclustered
Ciqala,Unclustered
Cirso,Unclustered
Cjw1,E
Clairvoyant,Unclustered
Claptrap,Unclustered
Clarabelle,None
Clarence,None
Clarenza,A4
Clasect4,Unclustered
ClayGruber,Unclustered
ClearSpot,Unclustered
Clefto,Unclustered
Cleom,Unclustered
CLES,Unclustered
CLittleNinja,Unclustered
ClockworkO,Unclustered
CloudWang3,A6
CloudyM,Unclustered
Clover,F1
Clslowpoke,Unclustered
ClumpyY,A2
Clumsy,Unclustered
Clyde,Unclustered
Clyde2013,Unclustered
Clyde788,Unclustered
Clydee,Unclustered
Clydeee,Unclustered
ClydeJulian,Unclustered
CMaus,None
Cmilk,Unclustered
Coach,Unclustered
CoastalNC,Unclustered
Coatlicue,Unclustered
Coco,Unclustered
Coco1,Unclustered
Coco12,Unclustered
CoDe,Unclustered
Cody,Unclustered
Colbert,B1
Colebug,Unclustered
Coliseum2A,Unclustered
Collard,K5
CollegeProbz,Unclustered
Colleswan,Unclustered
Colonel,G
Colossus,Unclustered
ColvinP011,Unclustered
Comet,Unclustered
Compost,G
Compostia,B3
ConanOFey,Unclustered
Concepcion,Unclustered
ConceptII,A1
Concord,Unclustered
Condwa,Unclustered
Confuzzles,Unclustered
Conner,Unclustered
Conquistador,Unclustered
Conspiracy,A5
Consuela,Unclustered
Contagio,Unclustered
Contagion,E
Contaxio,Unclustered
Content,Unclustered
CooJo,Unclustered
CookahMonstah,Unclustered
Cookeite,Unclustered
CookieMonster,Unclustered
Cookland,None
Cool,Unclustered
CoolGuy,F1
Coop931,Unclustered
CoopDeVille,Unclustered
Cooper,B4
Cooter,Unclustered
Cootie,Unclustered
CopernicusIII,Unclustered
Copperhead,Unclustered
Copycat,Unclustered
Cora,Unclustered
Corax,Unclustered
Cordi,Unclustered
Corky,A1
Corndog,O
Cornelius,Unclustered
Cornelius1,Unclustered
Cornwall,Unclustered
Corona,Unclustered
Corvlys,Unclustered
Corvo,A1
Corynthius,Unclustered
Cosmo,Unclustered
Cotton,Unclustered
Courage,Unclustered
Courthouse,J
Cowboy,Unclustered
CowboyDan,Unclustered
CowPie,Unclustered
Cozy12,Unclustered
CptKIRK,None
Cramman,Unclustered
Cranston,Unclustered
Crawphish,Unclustered
Creatorsjewel,Unclustered
Creed,Unclustered
CremePhraiche,Unclustered
Cresc10,Unclustered
CREW,K1
Crichton,Unclustered
Cricket,Unclustered
CrimD,K1
Cripfrainbeth,Unclustered
Critter,Unclustered
Crossroads,L2
Crouton,Unclustered
Crownjwl,B1
Croy,Unclustered
CRStickyN3,Unclustered
Crums,Unclustered
CrunchyPB,Unclustered
Crush,A2
Cruu,Unclustered
CrymsonTyde,Unclustered
Cryptkeeper,Unclustered
Crysanity,Unclustered
CS1992,Unclustered
Cscmonster,Unclustered
CSenor,Unclustered
CSHtempo,Unclustered
CSylves2,Unclustered
Cthulhu,Unclustered
Cuco,A5
Cucumber,Unclustered
Cuddles,Unclustered
CUDI,Unclustered
Cuetip,Unclustered
Culver925,Unclustered
Cuppycake,Unclustered
Curiosity,Unclustered
CuriousG,Unclustered
Curlin726Q,Unclustered
Curly,Unclustered
CurlyQ,Unclustered
Curmudgeon,Unclustered
Currie,Unclustered
CurryBear,Unclustered
Curtis,Unclustered
CuteCollette,Unclustered
Cutie,Unclustered
Cyca,Unclustered
Cyclopellen,Unclustered
Cyclops,Unclustered
Cygnus24,K2
Cynogriffon,Unclustered
Cyrus,Unclustered
Czyszczon1,E
D29,A2
DaBear,Unclustered
Dabomb,Unclustered
DaBoss,Unclustered
Daedalus,Unclustered
Daenerys,F1
Daffodil,Unclustered
Daffy,B1
DaGeorge,Unclustered
Dagger,Unclustered
DaGr8est,Unclustered
Dahab,Unclustered
DaHileesi,None
DaHudson,A3
DaintyLady,Unclustered
Daisi59,Unclustered
Daisy,B3
DaisySphir,Unclustered
Dajjr,Unclustered
Dale,Unclustered
Dalek,Unclustered
Dalmations,Unclustered
Damien,H1
DancingQueen,Unclustered
Dandelion,C1
Dandelion2233,Unclustered
Danforth,Unclustered
Danicole,Unclustered
DanielGin,Unclustered
Danielle,Unclustered
Danirob16,Unclustered
Danny,Unclustered
Dante,F1
DaPantherClaw,Unclustered
Daphne,Unclustered
DarkLord1994,Unclustered
Darknight,Unclustered
Darko11,Unclustered
Darth,Unclustered
DarthTater,Unclustered
Daryl,Unclustered
DaSnAkeTearz,Unclustered
David,Unclustered
DaVinci,A6
Dayman,Unclustered
DBones,Unclustered
DC300k,Unclustered
DD5,A1
Deadmau5,Unclustered
DeadP,F1
Dean,Unclustered
Death,A2
Deatheater,Unclustered
Debbie87,Unclustered
DebbyT,Unclustered
DediKAtion,Unclustered
Dee12,Unclustered
Deepika97,Unclustered
DeeVee,Unclustered
Defenestrate,Unclustered
Deihsitis,Unclustered
Deimos,Unclustered
DeinoVascul,Unclustered
DeLaCroix,Unclustered
DelawareWonder,Unclustered
Delicious,Unclustered
Delilah,C1
Delmarco,Unclustered
DeltaCharlie,Unclustered
Dementor,Unclustered
DemoMan,Unclustered
Dennis,Unclustered
DennisUTC,Unclustered
DEomnivore,Unclustered
DerekJ2,Unclustered
Derp,Unclustered
Derrick,Unclustered
Descolada,Unclustered
DesiGirl,Unclustered
Desmond,F1
Despondency,Unclustered
Despotos,Unclustered
Destahara,Unclustered
Destroya,Unclustered
Destroyah,Unclustered
Devin,Unclustered
Devourer,Unclustered
Devourer625,Unclustered
Dewey,Unclustered
Dexs,Unclustered
Dexter,Unclustered
Dextr3,Unclustered
DezLew,Unclustered
Dhanush,A4
DHBrownie,Unclustered
Diablo,Unclustered
Diamond,Unclustered
Diamonds,Unclustered
Diana,Unclustered
Dibber,Unclustered
Diego,Unclustered
Dierkes,Unclustered
Dilly,Unclustered
Dinozzo,Unclustered
Dionysus,Unclustered
Diplophanerum,Unclustered
DipStick,Unclustered
Dipsy,Unclustered
Dirby,Unclustered
DirtMcgirt,F1
Dirtybirds,Unclustered
DirtyJoe,Unclustered
Disco,Unclustered
Ditto,Unclustered
Divergent,Unclustered
Dixie,Unclustered
Dizma25,Unclustered
DizzyKitten,Unclustered
Django,Unclustered
Djembe23,Unclustered
DLane,F1
DLFriend,Unclustered
DoaneSoccer,Unclustered
Dobby,Unclustered
Dobby08,Unclustered
Docus,Unclustered
Doge,Unclustered
Dogwood,Unclustered
Dolan,Unclustered
Dollie2,Unclustered
Dolly,Unclustered
Domino,Unclustered
DomoArigato,Unclustered
Donatello,Unclustered
DonLou,Unclustered
Donna,Unclustered
Donovan,P
DonSanchon,B1
Donut,Unclustered
Doodle,Unclustered
Doodlebug,Unclustered
Doom,A1
Doopee,Unclustered
Dor110,None
Dora,Unclustered
Dori,Singleton
Dorothy,F1
DotDot,Unclustered
Dotie,Unclustered
DotProduct,F1
Dots,Unclustered
Dottie,Unclustered
Doubletrouble,Unclustered
Doubtfire,Unclustered
Doudou,Unclustered
Doug,Unclustered
DougVinnie,Unclustered
Doukliea,Unclustered
Dowdy,Unclustered
Drac109,Unclustered
Dracula,Unclustered
Drago,F1
Dragonfly,Unclustered
DRAINger,Unclustered
Dranda,Unclustered
DrAstronaut,Unclustered
Drazdys,C1
DrDrey,E
Dream,Unclustered
Dreamboat,A1
Dreamer,Unclustered
Dresco,E
DrMcninja,Unclustered
Drogon,None
Drom,Unclustered
Drookerz,Unclustered
DrPaul,Unclustered
Drupey,Unclustered
Druzhina,Unclustered
DS6A,Singleton
DTDevon,C1
Dubstep,Unclustered
Ducky,Unclustered
Duclinh,Unclustered
Duelemucho,Unclustered
DuffyC,B1
Dugg,Unclustered
Duhl,Unclustered
Duke13,J
Dumbledore,Unclustered
Dumbmud,Unclustered
Dumbo,E
DumDum,Unclustered
Dumphrey,Unclustered
Dumpling,A3
Durandal,Unclustered
Dusk,E
Dutchie,Unclustered
Dutchmen,Unclustered
Dwight,Unclustered
Dylan,O
DynamicUno,Unclustered
Dynamix,A1
DZ007,Unclustered
Dzaidins,Unclustered
Eagle,A4
EagleEye,A2
Eaglehorse,T
Eapen,Unclustered
Earyn,Unclustered
Ebenezer,Unclustered
EBennet,Unclustered
Ecce,Unclustered
Echild,A2
Echo,Unclustered
Eclipse,Unclustered
Ecquador,Unclustered
Edgar,Unclustered
Edmond,Unclustered
Edna,Unclustered
Edtherson,A1
Edward,Unclustered
Eeyore,Unclustered
Effy,Unclustered
Efra2,Unclustered
EGMO,None
Eichn3r,Unclustered
Einahpets,Unclustered
Eint,Unclustered
EJay13,Unclustered
Ekanem,Unclustered
Elah,Unclustered
Elastigirl,Unclustered
ElDiablo,Unclustered
Eleanor,Unclustered
Elefu,Unclustered
Eleventhour,Unclustered
Elfin,Unclustered
ElFluff,A2
Elio,Unclustered
Eliza,Unclustered
Elky,Unclustered
Ella773,Unclustered
Ellatie,Unclustered
Ellen,Unclustered
Ellie,Unclustered
Elliker,Unclustered
Elmo1,Unclustered
Elmo2,Unclustered
ElNino94,T
Elph10,E
ElPollo13,Unclustered
ElSilvo,A10
ElTiger69,A5
Elusive,Unclustered
Elvis,Unclustered
EmBarker,Unclustered
Ember,Unclustered
Embiidina,Unclustered
Emeka,Unclustered
Emerson,K1
Emigrams4,Unclustered
Emily,Unclustered
EmilyOH,Unclustered
Emiris,Unclustered
EmJay10,Unclustered
Emoney,Unclustered
EMorton,Unclustered
Empress,F1
EmpTee,B1
EmToTheThree,C1
Enchante,Unclustered
Ender,L1
Endosmosis,Unclustered
Engr1325,Unclustered
Enrique,Unclustered
Enterprise,L2
Enviro,Unclustered
Enyo,Unclustered
Epegasus,Unclustered
Epeneto,Unclustered
Epharess,Unclustered
Ephemera,Unclustered
Epic,Unclustered
EpicPhail,A3
Epoch,A2
Epoli,Unclustered
Eprice,Unclustered
Epsilon,Unclustered
Equemioh13,A2
Equusmess2010,Unclustered
Eraiser,Unclustered
Erdnod,K1
Eremos,B1
Eric,Unclustered
EricB,A6
EricMillard,J
Eris,A4
Eris320,Unclustered
Ernie,Unclustered
ErnieJ,C1
Error404,Unclustered
Erwin,Unclustered
Esme34,Unclustered
Estave1,F1
Esty,Unclustered
ET08,C1
Et2Brutus,A11
EtowahDuri,Unclustered
Etuk,Unclustered
Eubie,Unclustered
Euclid,Unclustered
Eugene,Unclustered
Eugenen,Unclustered
Euphoria,A1
Eureka,E
Evanesce,Q
Evangelion,Unclustered
Evanhalo,Unclustered
Evaristus,Unclustered
Everdeen,Unclustered
Evergreen9,Unclustered
EvilGenius,A2
Excalibur,Unclustered
Excido,Unclustered
Exia4,Unclustered
Expelliarmus,A8
Ezel,Unclustered
Ezio,Unclustered
EzioAuditore,Unclustered
EzraLuxe,Unclustered
Ezzo,Unclustered
Fab4,Unclustered
Fabio,Unclustered
Fabiola,Unclustered
Fabulous,Unclustered
Faee,Unclustered
Fagoz,Unclustered
Failure,Unclustered
Faith,Unclustered
Faith1,L2
FancyFrancie,Unclustered
Fang,B1
Fantasia,J
Fantasticleeze,Unclustered
Faraan,Unclustered
Farber,A3
Fascinus,A1
Fatmike,Unclustered
Fatumira,Unclustered
Fatz,Unclustered
Faustulus,Unclustered
Fawkes,Unclustered
Faze,Unclustered
FBx3,Unclustered
Feedom27,Unclustered
Fefe,Unclustered
Felakuti38,Unclustered
Felandrew,Unclustered
Feld1,Unclustered
Felicity,Unclustered
Felipe,Unclustered
Felix,Unclustered
FelixPhelicis,Unclustered
Fenix,Unclustered
Fenixius,Unclustered
Fenton,Unclustered
Fenworthy,Unclustered
Ferraro,Unclustered
Ferris,Unclustered
Ferris10,Unclustered
Festival,Unclustered
Feverlove,Unclustered
Fezzik,Unclustered
FHAGEBLASTER,Unclustered
Fibonacci,A11
FiFi,Unclustered
Fighter,Unclustered
FinAlly,Unclustered
Finger,Unclustered
Finicky,Unclustered
Fiona,E
Fionnbharth,K4
Firebolt,Unclustered
Firecracker,O
Firefly,Unclustered
Firehouse51,Unclustered
Firework,Unclustered
Firnen,Unclustered
Fishburne,P
FishermanGlory,Unclustered
Fitzgermald,Unclustered
Fitzroy,Unclustered
Fitzwilliam,Unclustered
FiveGuys,Unclustered
Fiver,Unclustered
Fiza,Unclustered
Fjola,Unclustered
Fjorgyn,Unclustered
Flagship15,Unclustered
Flame,Unclustered
Flamingo,Unclustered
Flapjack,A4
Flash,K1
Flexxx,Unclustered
Flipper,Unclustered
Flitter,Unclustered
FloAmmen,Unclustered
Flohchen,Unclustered
FloMo,A3
FloP831,Unclustered
Florence,Unclustered
Floriant,Unclustered
Flounder,Unclustered
Flounder05,Unclustered
FlowerChild,A1
Flowery,Unclustered
Fluf,Unclustered
Fluffles,Unclustered
Fluffy,Unclustered
FluffyBonez,Unclustered
Fluffyclown,Unclustered
FluffyNinja,B1
FluffyPuff,Unclustered
Flux,A4
FlyingNarwhal,Unclustered
Foresdaddy,Unclustered
ForGetIt,A5
FormGarden,Unclustered
Forsytheast,A1
Fortuity,Unclustered
FortunaTyche,Unclustered
FortyTwo,Unclustered
Foster,Unclustered
Founder,Unclustered
Fountainhead,Unclustered
FourStarNutty,A1
Fowler,Unclustered
Fox23,Unclustered
Foxy,Unclustered
Foxy007,Unclustered
Fpiml,Unclustered
Franca,Unclustered
Francis,Unclustered
Franco,Unclustered
Frankenstein,Unclustered
Franklin,Unclustered
Franz,Unclustered
Freckle,Unclustered
Freckles,Unclustered
Fred,Unclustered
Freddy,Unclustered
Frederick,B4
Fredward,B4
Freedom,Unclustered
Freedom27,Unclustered
FreshPrince,Unclustered
FriarPreacher,B1
FriendlyEddie,Unclustered
Frodo,Unclustered
Frosty,Unclustered
Frosty24,G
Froyo,Unclustered
Frozone21,Unclustered
Fruitcake,Unclustered
Fruitloop,F1
Fudge,Unclustered
Fuego,Unclustered
Funbox,Unclustered
Funke,Unclustered
Funston,A4
Funz,Unclustered
Fushigi,A1
Fussy,Unclustered
Fuzelihle,Unclustered
FuZGrapes,A4
FuzyWatermelon,Unclustered
FuzzBall,Unclustered
Fuzzy,Unclustered
FuzzyDuck,Unclustered
FuzzyPearl,Unclustered
FuzzyWuzzy,Unclustered
Gaara,Unclustered
GabDaniAV,Unclustered
Gabe,Unclustered
Gabi,Unclustered
Gabriel,None
Gabuist04,Unclustered
Gadjet,B3
Gadost,A4
Gaetano,Unclustered
GageAP,A1
Gaia,Singleton
Gailstorm,Unclustered
Gaius,Unclustered
Gajjala,Unclustered
Galanaz,Unclustered
Galaxy5,Unclustered
Galgraith,Unclustered
Galileo,Unclustered
Galleon,Unclustered
GameOfDarts,Unclustered
Gamma,Unclustered
Gandalph,Unclustered
Gandrian,Unclustered
Gannon,Unclustered
Gansey,K1
Gardann,Unclustered
GardenGnome,Unclustered
Gardeno,Unclustered
Gardregs,F1
GargleMe,Unclustered
Garlic,Unclustered
Gary1,Unclustered
Gates,Unclustered
GatorBait,Unclustered
Gatsby,Unclustered
Gattron12,Unclustered
GayleyAve,Unclustered
GDiSilvio8,Unclustered
Gee6,Unclustered
Gee8,Unclustered
Geez,Unclustered
Geezy,None
Gemini,Unclustered
Gemini10,Unclustered
Gemm,Unclustered
Gendisarray,F1
Genesis,F1
Gengar,K5
GenghisKhan,Unclustered
Genie,Unclustered
Geoadisonoki,Unclustered
Geoff,Unclustered
Geomitrus,Unclustered
George,A5
George1,Unclustered
Georgiaboss,Unclustered
Georgie,Unclustered
Gerardo,Unclustered
GermDevil,Unclustered
Gertrude,Unclustered
Gettysbug,Unclustered
Ghost,C1
Ghoti,Unclustered
Gibby,Unclustered
Gibby253,Unclustered
Giddykiddy,B1
GigiCha853,Unclustered
Gilbert,Unclustered
Giles,Q
Gilly,Unclustered
Gilman,Unclustered
Ginfree,Unclustered
GingkoMaracino,A3
Gingr,Unclustered
GinoB17,Unclustered
Ginona,Unclustered
Giranomo,Unclustered
Girmay,Unclustered
Girouard23,Unclustered
Girr,F1
Gitchigami,Unclustered
Gizmo,C1
GL23,Unclustered
Gladiator,A6
Gladis,Unclustered
GlassSlipper,Unclustered
Glee95,Unclustered
Glen,Unclustered
GlenCoco,Unclustered
Glimmer,Unclustered
Glinda,Unclustered
Glitter,Unclustered
Glitzy,Unclustered
Gloria,Unclustered
Glot10,Unclustered
Glower,Unclustered
GMia,Unclustered
Gmoney,Unclustered
GnarlyMarley,Unclustered
Gnome,Unclustered
GNR19,Unclustered
Goat,Unclustered
Gobber,Unclustered
Goddess,Unclustered
GODDESSA,Unclustered
Godot,Unclustered
Godzilla,Unclustered
Goethe,A2
Goggins1,Unclustered
GoHawks,Unclustered
Goku,E
GoldenDragon,Unclustered
Goldstein,Unclustered
GolfWang,Unclustered
Goliath,Unclustered
Goliath2,Unclustered
GolyathLS,Unclustered
Gomashi,G
Gonzo,Unclustered
Goob,Unclustered
Goober,Unclustered
Goodwil1,Unclustered
Goodwinae,Unclustered
Goofy,Unclustered
Goon,Unclustered
Goose,A10
Goosebump,Unclustered
Gossyp,Unclustered
Gouse,Unclustered
GovtShutdown,Unclustered
Grace,Unclustered
Gracie1,None
Graduation,A1
Gramoney,Unclustered
GrandDaddy,Unclustered
Grassblade,Unclustered
Gravata,Unclustered
Gravemind,Unclustered
Grawe22,Unclustered
GreaseLightnin,P
Greatness,C1
Greenbean,Unclustered
Greendale,Unclustered
Greenhalo,Unclustered
Greenie,Unclustered
Greenland,Unclustered
GreenMonsta,Unclustered
GreenRanger,Unclustered
Gregor,Unclustered
Gremlin,Unclustered
GridersLegacy,A2
Grover,Unclustered
Grub,Unclustered
Grum1,A3
Grumbly,Unclustered
Guaili,Unclustered
Guanica15,Unclustered
Guayacan22,Unclustered
GucciTheChosen,Unclustered
GUchi,Unclustered
Guerra,Unclustered
Guevara,Unclustered
Guido,Unclustered
Gullie,Unclustered
Gulsi,B3
Gumball,D1
GUmbie,F1
GummyWorm,A1
GumRock,Unclustered
Guna,Unclustered
GunnyMacintosh,Unclustered
GuruvPharout,Unclustered
GusGus,Unclustered
Guss,Unclustered
Gyarad,B1
Gzoman,Unclustered
H20melon,Unclustered
Haddad,Unclustered
Hades,F1
Hagood,Unclustered
Hails2k12,Unclustered
HakunaMatata,Unclustered
HaleysComet,Unclustered
HalfEM,Unclustered
Halie,Unclustered
HaLiK192,Unclustered
Halley,J
Halloween,B4
Halo,G
Hamann,Unclustered
Hamid,Unclustered
Hammer,A6
Hammerhead,Unclustered
Hammock,Unclustered
Hampton,Unclustered
HamSlice,A4
Hamulus,F1
Hannah,Unclustered
HanPay,Unclustered
HanShotFirst,A1
Hansol,Unclustered
HansPay,A1
Happika,Unclustered
HappyPlague,Unclustered
Hardison,Unclustered
Hare,Unclustered
Harold,Unclustered
Harris,Unclustered
Harrisonburg,Unclustered
HarrySpotter,C1
Harvey,B1
Hasircoglu,Unclustered
Hasselhoff,Unclustered
Havighurst,Unclustered
Havoc,Unclustered
Haway07,A4
Hawkers,Unclustered
Hawkeye,D2
Haylo26,Unclustered
Haze,Unclustered
Hazel,Unclustered
Hazelnut,Unclustered
Headache,Unclustered
Heathcliff,B3
Hector,Unclustered
Hedgerow,B2
Heffalump,A2
Hegedechwinu,F1
Heimerdinger,Unclustered
Heisenberg,Unclustered
Heisenburg,A4
Hekiphino,Unclustered
Held,B1
HelDan,A3
Helen,Unclustered
Helios,Unclustered
Heliox,Unclustered
HelterSkelter,Unclustered
Hendricks1,Unclustered
Henry,E
Henry13,Unclustered
Heracleon,Unclustered
Herbert,Unclustered
Herbie,Unclustered
HerbSipe,None
Hercules,Unclustered
Hercules11,A3
Heretic,Unclustered
Hermes,Unclustered
Hermione,Unclustered
Hero,Unclustered
HeroGeorge7,Unclustered
HerpaDerpicus,Unclustered
Hertubise,B1
Hetaeria,B1
Heterodoxy,Unclustered
Hex4,Unclustered
Hexxus,Unclustered
Hezekiah,Unclustered
HH92,Q
HHMen,Unclustered
Hickenlooper,Unclustered
HideAndSeek,Unclustered
Higgins,Unclustered
Higo,Unclustered
Hijacker,Unclustered
Hillabee,Unclustered
HINdeR,A7
Hippocampus,Unclustered
Hippocrates,None
Hobbes,Unclustered
Hobbit,Unclustered
Hodge17,Unclustered
Hodgin,Unclustered
Holli,A4
Hollificious,Unclustered
Holly,Unclustered
Holzmeister,Unclustered
Homura,K1
Honesty,Unclustered
HoneyBadger,Unclustered
Honeybun,Unclustered
Honeycomb,Unclustered
Hook,Unclustered
Hoosier,Unclustered
Hope,G
Hope4ever,A1
Hopey,E
Hopi,Unclustered
Hopinn,Unclustered
Hoppy,Unclustered
Hortencia,Unclustered
Hortensius,Unclustered
HotMessXpress,Unclustered
HotSauce,Unclustered
Houdini,Unclustered
Houston,Unclustered
Howie,Unclustered
HUBlackburn13,Unclustered
Hudson,Unclustered
Huffalump,Unclustered
HufflyPuff,E
Hugo,Unclustered
HUHilltop,P
Humbert,K3
Humble,Unclustered
Humdinger,Unclustered
Hummingbird,Unclustered
Humpfree,Unclustered
Humphrey,Unclustered
Hundenbiter,Unclustered
Hunhun,Unclustered
Hunt,Unclustered
HUNT11,Unclustered
Hunter,Unclustered
Hydra11,Unclustered
Hydrafoxglove,Unclustered
Hyokun,Unclustered
Hypertavi,None
Ibhubesi,F1
IBzum,Unclustered
Iceburgh,Unclustered
Iced,Unclustered
IceKajum,Unclustered
Iceman,None
IceNine,Unclustered
Ichabod,A1
IChooseYou,Unclustered
ICleared,A4
IggieSem,Unclustered
Iggy,Unclustered
Ignobilis,Unclustered
Igor,Unclustered
IGotNext,Unclustered
Ihana,Unclustered
Ikeja,Unclustered
Ikkitousen,Unclustered
Ilea,Unclustered
ILeeKay,Unclustered
Illmatic,Unclustered
Illumine,Unclustered
ILMioBello,Unclustered
Ilumni,Unclustered
Imbricus,Unclustered
Immanis2,Unclustered
Imp48,Unclustered
Imperio,Unclustered
Impossible,Unclustered
Inaway,Unclustered
Inception98,Unclustered
Incognito,Unclustered
Indecision,Unclustered
Indringer,Unclustered
Infecti,Unclustered
Inferno8Ten,Unclustered
Infettiv,Unclustered
Infinite,Unclustered
Infinity21,Unclustered
Infinity45,Unclustered
Infotech,Unclustered
Inspector,Unclustered
IntrepidT,Unclustered
Intrinity,Unclustered
Invein,Unclustered
Inventum,F1
Inverness,Unclustered
Invictus,Unclustered
InYourPhace,Unclustered
Iosceha,Unclustered
IPP,B1
Ipsizzle,Unclustered
Irene,Unclustered
IreneMarie,Unclustered
Iris,Unclustered
IrishSherpFalk,Unclustered
IronMAGE,Unclustered
IronMan,A2
IsaacEli,B1
IsabellPL,Unclustered
IshmaelIII,Unclustered
Isis,Unclustered
Island3,I1
IsleOfEwe,Unclustered
Itis,Unclustered
ItsATrap,Unclustered
Itsoweezee,Unclustered
Iven,Unclustered
Iverknight,Unclustered
J2Kore,Unclustered
JAAK,Unclustered
Jabbawokkie,F2
JaCa,Unclustered
JacAttac,B1
JacketPride,Unclustered
JackieO,Unclustered
Jade,Unclustered
JADent1,Unclustered
JahGang,Unclustered
Jal1,Unclustered
Jala25,Unclustered
Jalapeno,Unclustered
Jali,Unclustered
JAM17,E
Jamaica,Unclustered
JAMaL,B4
Jamarb,Unclustered
Jambi,Unclustered
JamesB007,Unclustered
Jameskc,None
Jamie,Unclustered
JamiesaursRex,Unclustered
Jamison,Unclustered
JamRock,Unclustered
JANK,Unclustered
Janya,Unclustered
Jaqen,Unclustered
Jaraaj,Unclustered
JaRes1,Unclustered
Jasfine,Unclustered
Jasiernaha,Unclustered
Jason,Unclustered
Jasper,A1
JasperVT,Unclustered
Jass,Unclustered
JAWS,K1
Jayden,Unclustered
Jayendra,Unclustered
JayJay17,Unclustered
Jayla,Unclustered
Jayney,Unclustered
Jbone,B1
JC27,A1
JCaesar,Unclustered
JCfoboat,A1
JDKninja,Unclustered
JeanKris4,Unclustered
Jeb2G,Unclustered
Jebeks,P
JebK,Unclustered
JeckyllnHyde,None
Jeddi,Unclustered
JEDITREY,Unclustered
JEDZ,Unclustered
Jeet,Unclustered
Jeevi,Unclustered
Jeff,Unclustered
Jeffabunny,A6
JefferySwag,Unclustered
Jegeland,Unclustered
Jekreck,Unclustered
Jekyll,Unclustered
Jellybean,Unclustered
Jemm,Unclustered
Jemsun,Unclustered
Jenika,Unclustered
Jenisha,Unclustered
Jenjami,Unclustered
Jennebrodock,Unclustered
Jenuma,Unclustered
Jeon,Unclustered
Jerlich,Unclustered
Jerm,A2
Jerm2,Unclustered
Jerry,Unclustered
Jerry13,Unclustered
Jerry37,Unclustered
Jersey,K1
Jersey23,Unclustered
JerseyBadland,Unclustered
Jessleigh,Unclustered
JessTann825,Unclustered
Jethro,Unclustered
JEvan1A,Unclustered
Jevonne,Unclustered
JewelBug,A6
Jewels2000,Unclustered
JHC117,A3
JhuBrianLo,Unclustered
Jibo,Unclustered
Jiffy,Unclustered
Jiger,Unclustered
JillyBilly,Unclustered
Jimmy,Unclustered
Jimmy2shoes,Unclustered
JimmyD,Unclustered
JimmyP,Unclustered
JimmyRoo,Unclustered
Jingle,Unclustered
Jinpika,G
Jinx,Unclustered
JiUnit,Unclustered
Jiwizz,Unclustered
JLyman,Unclustered
JMaddy,Unclustered
JMan28,Unclustered
JMButler,Unclustered
Joan16,Unclustered
JoAnB,Unclustered
Job42,F1
Jobu08,A3
Jodi,Unclustered
JoeDirt,L1
JoeDirt1,Unclustered
Joey,Unclustered
Jogo,Unclustered
Johan,Unclustered
John,Unclustered
JohnathanWest,Unclustered
JohnCalvin,Unclustered
JoJo,Unclustered
JoJo13,Unclustered
Joker,Unclustered
Jokester,Unclustered
Jomaryosh,Unclustered
Jomegel,Unclustered
Jomungandr,Unclustered
Jones,Unclustered
Jonesie,Unclustered
JoongJeon,Unclustered
Jordan1,Unclustered
JoreskiHCFM,Unclustered
Joric32,Unclustered
Jorma,Unclustered
Joseph,Unclustered
Joshi10,Unclustered
JosJos,Unclustered
Jovie,Unclustered
Jovo,A5
Joy99,K1
Jsquared,A2
Juan,None
Juanamari,Unclustered
Juarez,Unclustered
Juggernaut,Unclustered
Jukes,Unclustered
Juliette,Unclustered
Julio,None
Julius,B2
June,Unclustered
JungleTruffle,None
Junno,Unclustered
JuRM126,Unclustered
JustDirt,Unclustered
Justin1,Unclustered
JustKidding,Unclustered
Kabul,Unclustered
Kaii,Unclustered
Kaiser,Unclustered
Kaladin,Unclustered
Kalamazoo,Unclustered
Kali,None
Kalikimaka,F1
Kalliden,Unclustered
Kaluza,Unclustered
Kamara,Unclustered
Kamehameha,Unclustered
Kami,Unclustered
Kamikaze12,None
Kamiyu,B3
Kammatt,Unclustered
Kamoniux,Unclustered
Kampy,A4
Kanavar,Unclustered
Kang,Unclustered
Kanhai,Unclustered
KANIA,Unclustered
Kanika97,Unclustered
Kans825,Unclustered
KansoShinTei,Unclustered
KanyeSouth,Unclustered
Kapow,Unclustered
Kappy,Unclustered
Karl,Unclustered
Karlek,Unclustered
Karma,Unclustered
Karrren,Unclustered
Karso,Unclustered
Kat63,B1
Katalya,Unclustered
Katamari,Unclustered
Katara,Unclustered
KatAttack,A1
KatieWard,Unclustered
Katniss,Unclustered
Katra,Unclustered
KatSinclair,Unclustered
Kattail,Unclustered
Kaufman,Unclustered
Kawisima,N
KayaCho,B4
KaylaPaige01,Unclustered
Kayman,Unclustered
Kazan,A6
KBG,A1
Keda2,Unclustered
KeDo11,Unclustered
Kee91,Unclustered
Keebler,Unclustered
Keepinitweird,Unclustered
Kela12,Unclustered
Kellix,Unclustered
Kelly71,Unclustered
Kelryn,G
Kelseysface,Unclustered
Kempella,A2
Kemsah,Unclustered
KenGen,Unclustered
Kenico,Unclustered
Kenneth,Unclustered
Kenny,Unclustered
KenWill13,Unclustered
Kenya1,Unclustered
Kerfuffle,Unclustered
Kermit25,Unclustered
Kert,Unclustered
Keshu,K3
Kessi,Unclustered
Kevin,Unclustered
Keylime,Unclustered
KFPoly,A4
Khamil,Unclustered
Khan,Unclustered
Khanvict,Unclustered
Khatoon,Unclustered
Kheth,B2
Khoala,Unclustered
Khoshekh,Unclustered
Khosi,Unclustered
KHunt17,Unclustered
Kiba123,Unclustered
Kibe,Unclustered
Kidprophet,G
Kiki,Unclustered
Kikipoo,B1
Killa,Unclustered
KillerD,Unclustered
KillerTomatoes,Unclustered
Kimberlee,Unclustered
KimmiR,Unclustered
Kimya,Unclustered
Kinbote,Q
Kingfisher,Unclustered
KingHenry3rd,Unclustered
KingLeonidas,A1
Kingsley,Unclustered
KingSt,A2
KingVeVeVe,B1
Kinky,Unclustered
Kirby,Unclustered
Kirk,Unclustered
Kirschen,Unclustered
Kirt,Unclustered
Kishmeesh,None
Kismo,Unclustered
KitCat,None
Kitrick,Unclustered
Kitsune,Unclustered
KittenMittens,A10
Klatter,Unclustered
Klein,J
Kloppinator,B1
KLucky39,B1
Kmae,Unclustered
Kmla,Unclustered
KNel,Unclustered
KoalaBearAlpha,Unclustered
Kobi2,Unclustered
Koda101,Unclustered
Kodama,Unclustered
KOGaga,Unclustered
Koii,Unclustered
Konstantine,H1
Kookabura262,Unclustered
Kookaburra262,Unclustered
Koralia,Unclustered
Koriv,Unclustered
Kostya,E
Kova,Unclustered
Kozdronek,Unclustered
Kpossible,Unclustered
Krakatau,F1
Kraken,Unclustered
Krane,Unclustered
Kratark,A4
Kratio,K5
Kreacher,Unclustered
Krin,Unclustered
Krisica,Unclustered
Kronos,Unclustered
KROO,Unclustered
Krouse,Unclustered
KRPa,G
Ksiph42,Unclustered
KSSJEB,A1
KSweat,Unclustered
Kugel,A1
Kujo,Unclustered
Kumar,Unclustered
Kupalo,Unclustered
Kushal,Unclustered
Kuzco,Unclustered
Kwonmj,Unclustered
Kyett,Unclustered
Kykar,A1
Kyrie,Unclustered
Kyukies,Unclustered
L5,A2
La7X,Unclustered
LaAsesina,Unclustered
LaBel,Unclustered
Labeybaby,Unclustered
LaChupacabra,None
Lack1ng,Unclustered
Lackdaddy,Unclustered
Lacuna,Unclustered
LacusStella,Unclustered
Lacy,Unclustered
Lad250,Unclustered
Ladasha,Unclustered
LaDeeDa,Unclustered
Lady,Unclustered
LadyandTramp,Unclustered
Ladybug,Unclustered
LadyHelm,Unclustered
LadyMarah,Unclustered
LadyMaySilver,Unclustered
LadyPhaGa,Unclustered
LaFoi,Unclustered
Lahmajoon,Unclustered
Lakemo2013,None
Lakiya,Unclustered
Lala,Unclustered
Lamina13,A1
Landa,Unclustered
Landshark,Unclustered
Langerak,Unclustered
Langsamer,Unclustered
Lanta,Unclustered
Laquisha,Unclustered
Larenn,A2
Larissa,Unclustered
Laroc,Unclustered
Lars,Unclustered
Larva,K5
Lassie,Unclustered
Lasso,B1
Lateralus,Unclustered
Laura,Unclustered
Laura302,Unclustered
LaurenKim,Unclustered
Laurie,B2
Lawnmower,Unclustered
Lawson,Unclustered
LayzerBeam,Unclustered
Lazarus,Unclustered
LBuddy,Unclustered
Leanne,Unclustered
LeapingLizzy,B4
LeBron,L1
LeeLot,B1
Lefty,K1
Legion,B1
Lego3393,B1
Leigh,Unclustered
Lemon,Unclustered
Lemondrop,Unclustered
LemonSlice,B1
Lemur,A4
Lenny,Unclustered
Lenox,Unclustered
Leo13,Unclustered
Leo43,Unclustered
Leonardo,Unclustered
Leonidas,Unclustered
Leonidus,Unclustered
Leopold,Unclustered
Leperchaun,Unclustered
LePew,Unclustered
LeroyJenkins,Unclustered
Lesane,Unclustered
LeScholastica,Unclustered
Lesedi,A1
LetsGetWeird,Unclustered
Levo,Unclustered
Lew,Unclustered
Lexi,Unclustered
Lexipuff,Unclustered
LHTSCC,A4
LIA1,G
Liam,Unclustered
Libby,Unclustered
Liberi,Unclustered
Lich,Unclustered
Liefie,G
Lienemann11,Unclustered
Lifesaver,Unclustered
Lightyear,Unclustered
Lilac,E
LilB,Unclustered
Lilbear,Unclustered
LilBjork,Unclustered
LilBub,Unclustered
Lilbugger,Unclustered
LilCaesar,Unclustered
LilFoot,Unclustered
LilFriend,Unclustered
LilGuy,Unclustered
Lilith,A3
LilJ,Unclustered
LilJanie,Unclustered
Liljon,Unclustered
Lillian,Unclustered
LillKim,Unclustered
Lilly,Unclustered
LilNugget,Unclustered
LilRascals,Unclustered
LilRitchie,Unclustered
LilStanley,Unclustered
Lilux,Unclustered
Lily1,Unclustered
Linabeaar,Unclustered
Lincaica11,A2
Linda26,Unclustered
Lindsay7,Unclustered
Linguini,Unclustered
LinhQuyen,Unclustered
LinStu,C1
Lintanator,Unclustered
LinusApple,Unclustered
Little3c,Unclustered
Littlebear,Unclustered
LittleCherry,A5
LittleDoug,Unclustered
LittleDude,None
LittleE,J
Littleengine,B3
LittleEngineer,Unclustered
Littlefoot,Unclustered
Littlefoot32,A1
LittleGreg,Unclustered
LittleGuy,A4
Littleman,Unclustered
LittleMonster,Unclustered
LittleSea,Unclustered
Littleshow,Unclustered
LittleSparta,Unclustered
Littleton,C1
Littleturtle,Unclustered
Littlewings,Unclustered
Liveshot,Unclustered
Lixy,Unclustered
LizLemon,B2
Lizzie,Unclustered
Llama,F1
Llij,F1
Lloyd,Unclustered
LmHap,Unclustered
Loadrie,L2
Lobo,Unclustered
Lobster,Unclustered
LochMonster,Unclustered
LochNess,Unclustered
Lockley,A1
LockwoodMonsta,Unclustered
Locust,Unclustered
Lohikaarme,Unclustered
Loki,Unclustered
Lolli,Unclustered
LolliLolli,Unclustered
Lollipop,Unclustered
Lollipop1,Unclustered
Lollipop2,Unclustered
Lolly9,Unclustered
Lollypop,Unclustered
LoLo,Unclustered
LoMein,Unclustered
Longbottom,Unclustered
Longtail,Unclustered
Longtail44,Unclustered
Lonnie,Unclustered
Loom,Unclustered
Loon,Unclustered
Loptob1,Unclustered
Loptob2,Unclustered
LordByron,Unclustered
LordFarquad,Unclustered
LordNelson,Unclustered
Lorenzoveg,Unclustered
Loser,A2
Loserface,Unclustered
Lost,Unclustered
Lost5eva,Unclustered
Lottie,Unclustered
Louie,Unclustered
Louie6,Unclustered
Louis,Unclustered
Louise,Unclustered
Loveless,Unclustered
LoversLane,Unclustered
Lowlife,Unclustered
Loz67,Unclustered
LRRHood,C1
Lspd,Unclustered
Luce,Unclustered
Luci,Unclustered
LucidLucille6,Unclustered
Lucifer,Unclustered
Lucky,Unclustered
Lucky1,Unclustered
Lucky13,Unclustered
Lucky2,Unclustered
Lucky2013,J
Luckyseven77,Unclustered
LuckySquared,Unclustered
LuckyStranger,Unclustered
LucyGoose,A4
Ludicrea,Unclustered
Ludificor,Unclustered
Luftballon,Unclustered
Lugosi,Unclustered
LugYA,Unclustered
Luigi,Unclustered
Luke117,Unclustered
LukeWaltzer,Unclustered
Lukie,Unclustered
Lulino,Unclustered
Lullipopitis,Unclustered
Lulu,Unclustered
Lulu03,Unclustered
Lulu12,Unclustered
Lumizar,Unclustered
Luna,Unclustered
Lunabelle,Unclustered
Luokhaos,Unclustered
Lupin,Unclustered
Luxanna,Unclustered
Luxflowers,Unclustered
LuzCuddles,Unclustered
Lwagugu,Unclustered
Lyla,Unclustered
Lyndzie,Unclustered
Lynx,Unclustered
Lyric,Unclustered
Lysh,Unclustered
Lysinator,F1
Lysochu,Unclustered
Lysolibra,Unclustered
Mabelline,Unclustered
Macaco,Unclustered
Macbeth,Unclustered
Maccar,Unclustered
Maccman,Unclustered
Machin,Unclustered
MacK,Unclustered
Mack10,Unclustered
MackMack,Unclustered
MacnCheese,K3
Macula,Unclustered
MadamMonkfish,E
Maddox,Unclustered
Maderas,Unclustered
MadEye,Unclustered
Madhatter,Unclustered
Madison,Unclustered
Mag09,Unclustered
Mage,None
Maggie12,Unclustered
MaggieLaFox,Unclustered
Maggilopolus,Unclustered
Magnito,A1
Magnolia,Unclustered
MagnusMa,Unclustered
Magoo,E
Mahalo,Unclustered
Maidenhair,Unclustered
Mailbox,Unclustered
Mainiac,A3
MaiyoF,Unclustered
Majekodunmi,Unclustered
MajorMinor,Unclustered
Mako,Unclustered
Makridi,Unclustered
Malbo,Unclustered
Malc,Unclustered
Malithi,P
Malkin71,B1
Mallen,Unclustered
Mallory,Unclustered
Malusi,Unclustered
Mama,Unclustered
MamaJanJan,Unclustered
Mana,B1
Manad,B1
Manage,Unclustered
Manaolana,Unclustered
Manatee,A1
Mandalore,Unclustered
Mangiatore14,Unclustered
Mannie,Unclustered
MannyP,Unclustered
Mantequilla,Unclustered
Mantra,F1
Maple,Unclustered
Maraca,Unclustered
Marble,Unclustered
Marcell,A1
Marcum,Unclustered
MarcusBrown,T
Margarita,Unclustered
Margina,Unclustered
Maria,Unclustered
MariaHoutariRo,Unclustered
Marie,A3
Mario,Unclustered
Marion,Unclustered
Marklar,Unclustered
Marlex,None
Marley,Unclustered
Marmalade,Unclustered
Marmarsu,Unclustered
Marnie,Unclustered
Maroc7,Unclustered
MarQuardt,A3
Marsha,Unclustered
Marshall,Unclustered
Marshmallow,Unclustered
Martini,Unclustered
Martinka,Unclustered
Marvin,S
Mary,Unclustered
MaryB,Unclustered
MaryBeth,Unclustered
MaryJ,Unclustered
MASH,Unclustered
Masha1295,A2
Mason,Unclustered
Mason1114,A1
Massud,Unclustered
Master2000,Unclustered
MasterPepe,Unclustered
Matilda,Unclustered
Matka,Unclustered
Matt,Unclustered
Matthew,Unclustered
MattSC,Unclustered
Maury,E
Maverick,A4
Mavis,Unclustered
Maximus,Unclustered
Maximus9x,Unclustered
Maxwell,Unclustered
Maxy,Unclustered
Mbanjwa,Unclustered
Mbroughton,Unclustered
McAwesome,Unclustered
McBrightitis,Unclustered
McCrawley,Unclustered
McCringleberry,Unclustered
McDiddy,Unclustered
McFly,A6
McGuire,A1
McKayla93,Unclustered
McKenty,Unclustered
McKenzie,Unclustered
McLovin,Unclustered
McMan,Unclustered
McMan1,Unclustered
McNair34,Unclustered
McRatchet,Unclustered
McTre,Unclustered
McTrio,Unclustered
Meatball,Unclustered
Medusa,A4
Meebla,Unclustered
Meefy,Unclustered
Meeko,E
MeeZee,A4
Megatron,B1
MeghanFocks,Unclustered
Meindertsma,Unclustered
Meister,Unclustered
MelbyJuel,Unclustered
Meliki,Unclustered
Mellz,Unclustered
Melo,Unclustered
Melody,Unclustered
Melvin,A4
Melvin3,Unclustered
MEM1124,Unclustered
Mendokysei,T
Menehune,Unclustered
Menthos,Unclustered
MePac,C1
Mercurial,Unclustered
Meredith,Unclustered
MeriMarzia,Unclustered
Merio,Unclustered
MerionMan,Unclustered
Meru,Unclustered
Mesches,Unclustered
Mesquite309,Unclustered
Messi,Unclustered
MetalQZJ,A1
Metamorphosis,Unclustered
Methuselah,A3
Mfitzy25,Unclustered
MH15REBEL,Unclustered
MiaZeal,J
MIBB,Unclustered
Michaelangelo,Unclustered
MichaelScotch,Unclustered
MichelleMyBell,N
Michellengi,Unclustered
Micho,Unclustered
Mickey,Unclustered
Micosoft,Unclustered
Microbean,Unclustered
Microfairlady,Unclustered
MicroMind,Unclustered
MicroMini,K1
Microninja,Unclustered
Microwolf,A3
Midas,Unclustered
Midnight,Unclustered
Miejsce,Unclustered
MightyMorph,None
MightyQuinn,Unclustered
Migo94,Unclustered
Mike09,Unclustered
Mikenancilyn,Unclustered
Mikeska,Unclustered
Mikriplithari,Unclustered
Mikrovio,Unclustered
Milagro,Unclustered
Milan,Unclustered
Milania,Unclustered
MileyV2B,Unclustered
MilleniumForce,F1
Milleragzigian,Unclustered
Millidweller,Unclustered
Millie,Unclustered
Millski,A4
Milly,K2
Milo,Unclustered
Milo1414,Unclustered
Mimado,Unclustered
Mimicat,A1
Mimzaloppa,Unclustered
Minerva,J
Minicole,Unclustered
Minicooper,Unclustered
MiniME,Unclustered
Minimix,Unclustered
Minimus,Unclustered
Minion,A1
Minionstribe,Unclustered
Minipoke,None
MINNET,Unclustered
Minnie,F1
MintChip,Unclustered
Minutilla,Unclustered
MinyT10,Unclustered
Miracle,Unclustered
MiRage,Unclustered
Miranda,Unclustered
Miratin,Unclustered
Misfit,Unclustered
Mishelina,Unclustered
Mishine,Unclustered
Misomonster,A3
MissJackson,Unclustered
MissPiggy,Unclustered
MisterCuddles,F1
Mistert4,B1
Misty,Unclustered
Mita,Unclustered
Mitchell,A8
MitKao,B1
Mittens,Unclustered
Miyolaylie,Unclustered
Miyran,Unclustered
Mizitis,Unclustered
MJ15,Unclustered
Mjolnir,Unclustered
MkaliMitinis3,L2
MLouK,K1
MNhockey7,Unclustered
Modster,Unclustered
Moffat,Unclustered
Mofred,Unclustered
Mojo,Unclustered
MojoJoJo,Unclustered
MoKit826,Unclustered
Mollibalie,Unclustered
MoMoMixon,C1
Monet,Unclustered
Money1,Unclustered
MonkeyCheese,Unclustered
Mono,Unclustered
Monodon,Unclustered
Monster,Unclustered
Monstore308,Unclustered
Montague,Unclustered
MonTana,Unclustered
Monticord,Unclustered
Monty,Unclustered
Mooch,Unclustered
Moola,Unclustered
Moollenium,Unclustered
MooMoo,Singleton
Moose,Unclustered
Morbach,B1
Morbagris,Unclustered
Morbus,Unclustered
Morgagni,Unclustered
Morgan,Unclustered
Morgendorffer,Unclustered
Morgenstern,Unclustered
Morgoth,Unclustered
Morgushi,B1
Moriarty,Unclustered
Moros,Unclustered
Morpher26,A4
Morpheus,Unclustered
Morty,B1
Mosaic,B1
Mosby,E
Moses,Unclustered
Mosey,Unclustered
MosMoris,S
Moss13,Unclustered
Mossy,Unclustered
Mossycloud,Unclustered
MossyNSankoh,Unclustered
MossyRotty,Unclustered
Mothersrugby,Unclustered
Motivation,Unclustered
Motley,Unclustered
MountainDerp,Unclustered
Mower,Unclustered
Mowgli,G
Moxie,Unclustered
MoxieOC,Unclustered
Moxley,Unclustered
Mozart,Unclustered
Mozingo,K1
Mozy,F1
Mpat,Unclustered
MPlant7149,A1
MRabcd,B1
MrAggressive,Unclustered
MRAZ,Unclustered
MrBarnaby,A2
Mrbojangles,Unclustered
MrBubZ,Unclustered
MrClearer,Unclustered
MrCuddles,Unclustered
MrGordo,A1
MrHyde,Unclustered
MrLongbottom,Unclustered
MrMud,Unclustered
MrSketchy,Unclustered
MrSpiffy,Unclustered
MrSwag,Unclustered
MsFluffums,Unclustered
MsLunaLoveBad,Unclustered
MSNyan,Unclustered
MSpok,Unclustered
MudBaby,Unclustered
Mudbug,Unclustered
Muddy,Singleton
Mudkip,Unclustered
Mudmonster,Unclustered
Mufasa,K2
Muffin,Unclustered
Muffy,Unclustered
Mulatasaur,Unclustered
Mulciber,A11
Mulligan2,Unclustered
MultiD,Unclustered
Munchie,Unclustered
Munchkin,Unclustered
Munchy,Unclustered
Mundrea,A4
Muphaffle,Unclustered
Murdoc,B1
Murdock7,Unclustered
Murphy,E
Murray66,Unclustered
Murucutumbu,K1
Museum,A1
Mushu,Unclustered
Mustache,Unclustered
Mustafa1,Unclustered
Mutaforma13,F1
Muus,None
Muzik,Unclustered
Mybelle,Unclustered
Mycroft,Unclustered
Mylitletria,Unclustered
Mylla,Unclustered
MyOTP,Unclustered
MyPolly1,Unclustered
MyPolly2,Unclustered
MyPrecious,Unclustered
Myrna,C2
Mysophobia,Unclustered
Mystery313,Unclustered
Myxus,A9
Mzwa,Unclustered
Naca,A5
Nacho,B1
Nadia,Unclustered
NAFY,Unclustered
Nagapie,Unclustered
Nagi,Unclustered
NakedCat,Unclustered
NakedMoleRat,Unclustered
Nakoi,None
Nala,E
Nancy,Unclustered
NancyDrew,Unclustered
Nancylopicus,Unclustered
Napoleon,Unclustered
Nappy,C1
Naranjo,Unclustered
Narbals,Unclustered
Narcissus,Unclustered
Nargle,Unclustered
Narnar,Unclustered
Narwhal,Unclustered
Naslaataawi,Unclustered
Nastio,Unclustered
Natalie,Unclustered
Natica,Unclustered
Natty,Unclustered
Natural20,Unclustered
Nauset,Unclustered
Nautilus,Unclustered
Naveenium,Unclustered
Navi,Unclustered
Naytron3000,Unclustered
Nblprz,Unclustered
NDBlanc,Unclustered
Ndoh15,Unclustered
NDrop100,Unclustered
Nebkcis,Unclustered
Nebs,Unclustered
Nebula,Unclustered
Necromancer,Unclustered
NelitzaMV,E
Nell61,Unclustered
Nemo,A2
Nemo1,Unclustered
Nemo2,Unclustered
Nemo3,Unclustered
Nepal,A1
Nephalae,Unclustered
NeroInvictus,Unclustered
Neros,Unclustered
Nessa,Unclustered
Nessack,Unclustered
Nessie,Unclustered
Nessy,Unclustered
Nestitis,None
Neuwill,Unclustered
Neville007,Unclustered
Newman,B1
Nexus5,Unclustered
Ngelosi,Unclustered
NGobbelz,Unclustered
Nguta,Unclustered
Nice,Unclustered
Nicholasp3,L2
Nichols,Unclustered
Nick,Unclustered
Nickalodeon,Unclustered
Nico,Unclustered
Nicoah,Unclustered
Nicolae,Unclustered
Nicolas,Unclustered
NicolasCagous,Unclustered
Nicole,Unclustered
Nigel,B4
Nightingale,Unclustered
Nightshade,Unclustered
Nightwatch,Unclustered
Nikita,Unclustered
Nilo,R
Nimbus,Unclustered
Nimbus13,Unclustered
Nimbus2000,Unclustered
Ninetales,Unclustered
Ninja,Unclustered
Niren,Unclustered
Nitora,Unclustered
Nocturnal,Unclustered
Noggin,Unclustered
NoHalo,Unclustered
NOLA,Unclustered
Nolan,Unclustered
Nolie,Unclustered
Nomad,Unclustered
Nomo,Unclustered
Noodle,F1
Noodle06,Unclustered
Noodles,Unclustered
Noodles91,Unclustered
Noor,Unclustered
Nope,Unclustered
Nora,Unclustered
NoraZee,L2
Norbert,A3
Noremak,Unclustered
NormaGene,Unclustered
Normal,Unclustered
Norris007,None
Northpond,Unclustered
Nosferatu,Unclustered
Nosin,Unclustered
NoSleep,E
Nosrednaski,Unclustered
NotBenAfleck,Unclustered
NoTBLeftBehind,Unclustered
Notch,Unclustered
NotPhail,Unclustered
NotTheCreek,Unclustered
Nova,D1
NovaAndreas,Unclustered
Novel,Unclustered
Novus,Unclustered
NovusOrsa08,Unclustered
Nowukno,Unclustered
Nsikan,Unclustered
Ntando,Unclustered
Ntobe,Unclustered
Nubbe,Unclustered
NuevoMundo,C1
Nugget,Unclustered
Nugget92,Unclustered
Nuke,Unclustered
NumberOneBP,Unclustered
Numberten,B1
NumeroOcho,Unclustered
Nuria,Unclustered
Nurky,Unclustered
Nutello,Unclustered
Nutmeg,Unclustered
NyackWarriors,Unclustered
Nylara,Unclustered
NYQC,Unclustered
Nyxis,A4
Oaker,H1
OakieDokie,Unclustered
Obama,Unclustered
Obama12,A4
Obama319,None
Obeezy,E
Obliterator,Unclustered
OBUpride,Q
Occulta,Unclustered
Octavaria,Unclustered
Odd50,Unclustered
Odds22,Unclustered
Odilo,Unclustered
Odin,A2
Odysseus,Unclustered
OfficersClub,Unclustered
Ogopogo,F1
Ogun,Unclustered
Oink,Unclustered
Oke85,Unclustered
OkiRoe,K5
OldTimer,Unclustered
Oline,B1
Olive00,None
Oliver,Unclustered
Oliver2,Unclustered
OliverWalter,B1
Olli,Unclustered
Ollie,A3
Oluwafunmilayo,Unclustered
Olympia,Unclustered
OlympiaSaint,Unclustered
Omee,Unclustered
Omega,J
Omicron,Unclustered
Omnicron,K5
Omnomnom,Unclustered
ONeill,Unclustered
OneUnkwnBug,E
Onion,Unclustered
Onixilius,Unclustered
Oosterbaan,B1
Opalius,Unclustered
Ophil09,Unclustered
Optimus,J
OptimusPrime,Unclustered
OptimusSAfrica,Unclustered
OptimusTribe,Unclustered
OrangeDuck,Unclustered
OrangeJulius,Unclustered
Orbit,Unclustered
Orby,Unclustered
Oreo,Unclustered
Orion,B1
OrionPax,Unclustered
Orocovis,Unclustered
Orpheus,Unclustered
Osa7,Unclustered
OSmaximus,B1
Ostojic,A3
Ostrich,Unclustered
Oswald,Unclustered
Oswaldo,Unclustered
Otracosa,Unclustered
Otterteeth,Unclustered
Ousia,None
Outrageous,Unclustered
Ovechkin,F1
Oxente,None
Oyez,Unclustered
Ozzello,Unclustered
Ozzieduffburn,Unclustered
P28Green,A3
Pacc40,F1
Pacco,Unclustered
Pacha,Unclustered
PackMan,A9
Paco,Unclustered
Pacos19,B1
Padfoot,Unclustered
PagoAzul,Unclustered
Paige,Unclustered
PaigeLNB,Unclustered
Palestino,Unclustered
Paliothales9,B4
Pallavicini,None
Palmmer,Unclustered
Palo,Unclustered
Pamplemousse,Unclustered
Pancake,Unclustered
Panda1,Unclustered
Panda2,Unclustered
Panda3,Unclustered
Pandacub1110,Unclustered
PandaKarenina,Unclustered
Pandorae,Unclustered
Pansy,Unclustered
Pantalones,Unclustered
Panther,Unclustered
PapaSmurf,Unclustered
Papazi,Unclustered
Paper,A6
Papez,A1
Papyrus,R
Pari,A1
Parish,Unclustered
Park2400,Unclustered
Parker,Unclustered
Parks1,A1
ParrMAF,Unclustered
ParumDeTerra,Unclustered
Pascack,Unclustered
Patch,C1
Patience,Singleton
Patina,Unclustered
Patronus,Unclustered
Patronus1,Unclustered
PattyP,A1
Paul,Unclustered
PaulusMaximus,Unclustered
Pbandp,Unclustered
PBI1,D1
Pbnep65,None
PCassDorin,Unclustered
PCoBaH,Unclustered
PDRPiii,Unclustered
PDRPiv,Unclustered
PDRPv,Unclustered
Peaches,A4
Peanut,Unclustered
PeanutandJelly,Unclustered
Peanuthands,Unclustered
Pearl,Unclustered
Pearson2313,Unclustered
Peaty,Unclustered
PebactiLay,Unclustered
Pebbles,Unclustered
Peeves,Unclustered
PeeWee,None
Peeza,Unclustered
Pegasus,Unclustered
Pegasus5,Unclustered
PegLeg,M1
Pele,Unclustered
Pemerex,Unclustered
Pendragon,Unclustered
Pendulum,Unclustered
Penelope,Unclustered
Penguin,Unclustered
Penguin23,Unclustered
Penny,Unclustered
Peony,Unclustered
Pepe,A1
Pepper,Unclustered
PepperEW,Unclustered
Pepprock,Unclustered
Pequin,Unclustered
Peregrin,Unclustered
PerkinsPharm,Unclustered
Perry,Unclustered
Perseid,Unclustered
Persephone,K2
Perserverance,Unclustered
Perseus,A1
Persnickety,Unclustered
Peru,Unclustered
Peskyles,Unclustered
Pest,Unclustered
Pestave2,Unclustered
Pestilence,Unclustered
Pete,Unclustered
Peterlinda,Unclustered
PeterPan,Unclustered
Peterson,Unclustered
Petp2012,A1
Petra64142,Unclustered
Petrus,Unclustered
Petunia,Unclustered
Pferdehirt,Unclustered
Pfunkadelic,Unclustered
PG1,B1
PH9000,Unclustered
Phaaron,Unclustered
Phabio,Unclustered
Phable,Unclustered
Phabulous,Unclustered
Phacado,Unclustered
Phactorial,Unclustered
Phaedra,None
Phaedrus,B3
Phaetashen,Unclustered
Phagalicious,Unclustered
Phagilicious,Unclustered
Phaginstein,Unclustered
Phail,Unclustered
Phaithful,Unclustered
Phangelica,Unclustered
Phanphagia,Unclustered
Phantasmic,Unclustered
Phantastic,A3
Phantom,Unclustered
Pharaon,Unclustered
Pharsalus,E
PhatBacter,E
PhatCats2014,Unclustered
Phatea,Unclustered
Phatniss,F1
Phatty,Unclustered
Phatzo,Unclustered
Phaux,E
PheadyHage,Unclustered
Pheezus,Unclustered
Pheezyfbaby,Unclustered
Phelemich,B5
Phelipe,Unclustered
Phelix,Unclustered
Phelps,Unclustered
Phenrir,Unclustered
Phenway,Unclustered
Pherb,Unclustered
Pherdinand,Unclustered
Phergalicious,Unclustered
Phetacheez,Unclustered
Phetus,Unclustered
Phickle,Unclustered
Phido,Unclustered
Phiesta,Unclustered
PhiggyFeeGee,Unclustered
Phighter1804,A4
Phignatius,Unclustered
Phil,Unclustered
Philbert,Unclustered
Phillip,Unclustered
Phineas,P
Phineas3776,K1
Phinicky,Unclustered
Phinn,Unclustered
Phipps,B1
Phlagler,Unclustered
Phlorence,A5
Phlox,Unclustered
Phlyer,B3
Phoebe,Unclustered
Phoenix,Unclustered
Phoenix924,Unclustered
Phoenixian115,Unclustered
Phondacks,Unclustered
Phorensics,Unclustered
Phoxy,A3
Phrancis,Unclustered
PhrankthaTank,F1
Phreak,G
Phrenchphry,Unclustered
Phrodo,Unclustered
PhrostyMug,A1
Phrux,E
Phudgey,Unclustered
Phumi,Unclustered
Phung,None
Phusco,Unclustered
Phynx,Unclustered
Pia13,Unclustered
Piccolo9,Unclustered
Pickle,Unclustered
Pickrel13,B1
PicktownAL,Unclustered
Piedle3,Unclustered
Pier,C1
Pierogie,Unclustered
Pierre,Unclustered
Pierre1886,Unclustered
Piglet,B1
Pigpen,Unclustered
Pigwidgeon,Unclustered
Pikachu,Unclustered
Pikaphi,Unclustered
Pindia,Unclustered
Ping,Unclustered
Pinj,Unclustered
Pink,Unclustered
PinkEros,Unclustered
Pinkerton,Unclustered
PinkLady16,B1
PinkPlastic,Unclustered
PinkRainbow,Unclustered
PinkRaptor,Unclustered
Pinkstatic,Unclustered
PinkUnicorn,Unclustered
Pinnacle55,Unclustered
Pinpoint,Unclustered
Pinto,A1
Pio,C1
Pipcraft,A4
Pipefish,B3
Pippy,F1
Pipsqueak,B1
Pirahaku,Unclustered
Piro94,A2
Pirrup,Unclustered
Pita,Unclustered
Pitoo,Unclustered
Pixie,K3
Plackberry,F1
Plagueis,Unclustered
PlaqueandDans,Unclustered
PlaquePearl,Unclustered
Platypus,Unclustered
Plavalaguna,Unclustered
PlayDoh,Unclustered
Pleione,C1
Pleonasm,Unclustered
Plinko,Unclustered
Pliny,Unclustered
PLot,D1
Pluffbarre,Unclustered
Pluffmud,Unclustered
Plumberjoe,Unclustered
PlumJV0801,Unclustered
Pluto,Unclustered
PMaximus,Unclustered
PMC,F1
Pocahontas,A3
Pocha,Unclustered
Pocky,Unclustered
Poffad,Unclustered
Poga,Unclustered
Poindexter,Unclustered
Pokie,Unclustered
Polaris,Unclustered
Polfin,Unclustered
Polise,Unclustered
Polish,Unclustered
Polkadot,Unclustered
Polliwog,Unclustered
Pollo,Unclustered
Pond,Unclustered
Pondboy,Unclustered
Ponteberry,Unclustered
Ponyo,Unclustered
Ponytail,Unclustered
Poochlock,None
Pooka94,Unclustered
Pootina,Unclustered
Pop23,Unclustered
Pop9,Unclustered
Popcicle,A3
Popcorn,Unclustered
Poppet,Unclustered
Poppop,Unclustered
Poppy,Unclustered
Porkchop,Unclustered
Porky,E
Porter,Unclustered
Porto,Unclustered
Poseidon,Unclustered
Poseidoness,Unclustered
Possum,Unclustered
Postal,Unclustered
Postcard,Unclustered
Postea,Unclustered
Potato,Unclustered
PotatoSplit,A3
Power,A2
Poxx,Unclustered
Praetorian,Unclustered
Pratna,Unclustered
Predator,H1
Preeshyadeit,Unclustered
Pregunta,Unclustered
PRex,Unclustered
Prez6,Unclustered
Pride517,Unclustered
Primetime,Unclustered
Princess,Unclustered
PrincessAurora,Unclustered
PrincessPhilip,Unclustered
PrincessPhiona,Unclustered
PriTime,Unclustered
Problematic,Unclustered
Process12,Unclustered
ProfMoriarty,Unclustered
Prometheus,F1
Promisqua,Unclustered
Pruitto,Unclustered
Pseudonym,Unclustered
Psyche,Unclustered
PsycoClown,Unclustered
Puck,None
PuckSorge,Unclustered
PuddinPop,Unclustered
Puddles,Unclustered
Pudge,Unclustered
Puff,Unclustered
Puhltonio,B1
Pukovnik,A2
Pumato,Unclustered
Pumbaa,Unclustered
Pumpkin,E
PunkHazard,Unclustered
Punser,Unclustered
PuraVida,B1
Purivida,Unclustered
Purkiss,Unclustered
Purky,P
PurpleHaze,A3
PushkinA,Unclustered
Putin,Unclustered
Pylie,Unclustered
Python,Unclustered
QBert,C1
Quagmire,Unclustered
Que145,Unclustered
QueenBey,Unclustered
QueenElizabeth,Unclustered
Queso,Unclustered
Queue,Unclustered
Queya,Unclustered
Quin,Unclustered
Quincy,Unclustered
Quink,E
QuinnKiro,A3
Qute,Unclustered
Qwerty,Unclustered
Qyrzula,B2
Rabin276,Unclustered
Rabrifago,Unclustered
Raby,Unclustered
Rachel,Unclustered
Racso,Unclustered
Radagast,Unclustered
Raddie,Unclustered
Raditz,Unclustered
Rae2,Unclustered
Rafa,Unclustered
Rafaello,Unclustered
Rafb01,Unclustered
Rafe,Unclustered
Rafiki,Unclustered
Rafikki,Unclustered
RafLauren,Unclustered
RAGE,Unclustered
Rage18,Unclustered
RageTheFage,Unclustered
Ragnarok,Unclustered
Ragtime,Unclustered
Raichu,Unclustered
Raider,Unclustered
Rain,Unclustered
Rainbow,Unclustered
Rainey,Unclustered
Raisin,Unclustered
Raja,Unclustered
Rajelicia,Unclustered
Rakim,E
Rallo,Unclustered
Ralpheria,Unclustered
Ralphie,Unclustered
RamAnn5,Unclustered
Rambo,Unclustered
Ramorosa,Unclustered
Ramses,Unclustered
Ramsey,F1
Ramy,Unclustered
Randee009,Unclustered
Ranger,Unclustered
Rankashank,Unclustered
Raphael,Unclustered
Rapture,Unclustered
Rascal,Unclustered
Rascal246,Unclustered
Rashberry,Unclustered
Raskolnikov,Unclustered
Ratasucia,Unclustered
Ratchet,Unclustered
Rauana,A2
Ravage,Unclustered
Rawr,Unclustered
RayAllenIsGod,Unclustered
Raycer,Unclustered
Rayn,Unclustered
RayRay,Unclustered
Razgoosk7,Unclustered
RCheetah,Unclustered
Realma,Unclustered
Reaper,Unclustered
Reaver,Unclustered
Rebeuca,A10
Reboot,Unclustered
RecPOLE,Unclustered
Redbud92,Unclustered
RedDragon,Unclustered
RedDwarf,Unclustered
Redi,N
Redkitties,Unclustered
Redninja,Unclustered
Redno2,J
RedQueen,Unclustered
RedRock,A2
RedRover,Unclustered
Redrum,Unclustered
Reepicheep,Unclustered
Reeses,Unclustered
Reeyant,Unclustered
Refilwe,Unclustered
Regg,Unclustered
Regina,Unclustered
Reginald,Unclustered
Regis,Unclustered
Reisstrgt,Unclustered
Rem711,Unclustered
Remi,Unclustered
Remington5,Unclustered
Remolla,Unclustered
Renegade,Unclustered
Reprobate,B5
Reptar,Unclustered
Requiem,Unclustered
Restless,Unclustered
Retriever,Unclustered
Revan,Unclustered
Revitiligo,Unclustered
Rex1,Unclustered
Rex2,Unclustered
Rexasaur2,E
RexleyOsius,Unclustered
Rey,M2
Rgold55,Unclustered
RGThreeodore,Unclustered
Rhaegar18,Unclustered
RheCon2012,Unclustered
Rhmpage50,Unclustered
Rhoker,Unclustered
Rhyn0,Unclustered
RhynO,A10
Richard,Unclustered
RickJames,Unclustered
Riddle,Unclustered
RidgeCB,A1
Rigel,A1
RihCaTveit,Unclustered
RileyBeHungry,Unclustered
Ringer,A1
RingO,Unclustered
Ripley,Unclustered
RiverMonster,E
RiverSong,Unclustered
Rivzn,Unclustered
Rizal,C1
Robey12,Unclustered
RobinHood,Unclustered
RobM,Unclustered
Rocket,Unclustered
Rocketman,Unclustered
Rockne,Unclustered
Rockstar,A3
Rocktrap,F1
Rockwell,E
Rocky,A1
RockyB,Unclustered
RockyHorror,F1
RoflCopter,Unclustered
Roflstomp,Unclustered
Roger,Unclustered
Rogue,Unclustered
RolliPolli,Unclustered
Rombolo,F1
Romulus,Unclustered
RonRayGun,T
Roo22,Unclustered
Rorschach,Unclustered
Rosalind,Unclustered
Roscoe,B1
Rose1,Unclustered
Rose2,Unclustered
Rose308,Unclustered
Roseanne,Unclustered
Rosebud,Unclustered
Rosebush,B2
RoseLilly,None
Rosemary28,Unclustered
RosensternS2,Unclustered
Rosetta,Unclustered
Rosey,Unclustered
Roshambo,Unclustered
Rosie,Unclustered
Rosie13,Unclustered
Roslyn,Unclustered
Rosy,Unclustered
Roue,Unclustered
Rover,None
Rover14,G
Rovergator,Unclustered
Roxas,Unclustered
RoxB18,Unclustered
RoXIe16,Unclustered
ROXX,Unclustered
Roxy,Unclustered
RoyalFlush,Unclustered
RoyalPain,Unclustered
Rstan,B2
Rubeus,Unclustered
Ruby,F1
Ruby2,Unclustered
RubyReddy,Unclustered
Ruckus,Unclustered
Rudolph,Unclustered
Rufilo,Unclustered
Rufio,Unclustered
Rufus,A1
Rugaru,Unclustered
Rumex,Unclustered
Rump,Unclustered
Rumpelgeist,Unclustered
Rumpelstiltskin,L2
RUMPO,Unclustered
Runrun16,Unclustered
Runs,Unclustered
Ruoa,Unclustered
Ruotula,A1
Rupal,Unclustered
Rupert,Unclustered
Russell,Unclustered
Rutherferd,A1
Ruthiejr,Unclustered
RyanO,Unclustered
RZarchy,Unclustered
S2Kari,F1
S2Swirl,Unclustered
S2TSquared,F1
S523appy,Unclustered
Saal,F1
Sabertooth,A4
Sabia,A3
Sabinator,None
SabLanka,Unclustered
Sabotage,None
Sadie,Unclustered
Saek,Unclustered
Sagamore,None
Sagaritus,Unclustered
Sage,Unclustered
Sahun,Unclustered
Saintus,A8
SallySue,Unclustered
SaltyMike,F1
Sam1,Unclustered
Sam2,Unclustered
SAMAG,Unclustered
Samarai,None
Samasafish,Unclustered
Samatron,Unclustered
SamCro,Unclustered
Samegan,Unclustered
Samfuze,Unclustered
Sammy,Unclustered
SamScheppers,K4
Samuall,Unclustered
Samurai,Unclustered
Samwise,Unclustered
Samypholo,Unclustered
Sana03,Unclustered
Sancho,Unclustered
Sandy,Unclustered
SandySoul24,Unclustered
Sangheili,Unclustered
Sanguine,Unclustered
SankungSillah,Unclustered
SantyClause,Unclustered
Sapphire,Unclustered
Sarah,Unclustered
SarahPhalin,Unclustered
Sarang,K1
Saratoga,Unclustered
Sarefi02,Unclustered
SarFire,A1
SargentsShorty,None
Sarma624,Unclustered
Sasha,Unclustered
Sasquatch,Unclustered
Sass13,Unclustered
Sassafras,Unclustered
SassBadger,B3
Sassha110,Unclustered
SassyB,Unclustered
SassySquirrel,Unclustered
Savant,Unclustered
Savyy,Unclustered
Sayel,Unclustered
Sayuri,Unclustered
Saywy,Unclustered
Sbash,Unclustered
Scally,Unclustered
Scallywag,Unclustered
Scamp,Unclustered
Scampy,Unclustered
Scar,Unclustered
Scarmiglione,Unclustered
Schenley,Unclustered
Schmidty,Unclustered
Schmoolie,Unclustered
Schmyles,Unclustered
Schnapii,Unclustered
Scholastic218,Unclustered
Schultzie,Unclustered
Schwarz,Unclustered
Schwoop,Unclustered
Scooby,Unclustered
SCook24,Unclustered
Scoot17C,B1
Scooter,None
Scopus17,Unclustered
Scorpio7,A2
Scorpion,Unclustered
ScottMcG,C1
ScottWPilgrim,Unclustered
Scout,Unclustered
Scowl,A1
Screwtape,Unclustered
ScubaSteve,Unclustered
ScubaTuba,Unclustered
Scylla,Unclustered
SDcharge11,B1
SDShaggy,Unclustered
Seabiscuit,A1
Seanderson,Unclustered
SeaPony,Unclustered
Sebastian,C1
Sebata,C1
Secretgarden,Unclustered
SeductivePerry,Unclustered
Seen11,Unclustered
Seer,Unclustered
Semfuze,Unclustered
SemperFi,A2
Sen4,Unclustered
Send513,R
Serena,None
Serendipity,B1
Serendipity89,Unclustered
Serenity,A2
Serpentine,B1
Setmulbee,Unclustered
Sevare,Unclustered
Severus,A10
SF1Gamma,A1
SF5Eta,A1
SG4,F1
SgtPepper,Unclustered
Sh3riff,Unclustered
Shaah,Unclustered
Shackle,Unclustered
Shadow,Unclustered
ShaDynasty,Unclustered
Shaggy,Unclustered
Shaka,A4
Shako,Unclustered
Shamloul,Unclustered
ShamWow,Unclustered
ShankPowerGod,C1
ShAnn44,Unclustered
Shannie,Unclustered
Shantee,Unclustered
Sharkbait,Unclustered
Sharpshooter,F1
Shauna1,F1
Sheen,A7
Sheldon,Unclustered
Sheldon2013,Unclustered
Shenzi,Unclustered
SherL,Unclustered
Sherlock,Unclustered
Sherman,Unclustered
Sherri5110,Unclustered
Shetani,Unclustered
Shibby,Unclustered
Shibe,Unclustered
ShiLan,F1
Shings,Unclustered
Shinu,Unclustered
Shipshape,A2
Shipwreck,P
Shire,Unclustered
Shirley,Unclustered
Shiva,Unclustered
ShiVal,B1
Shkim,Unclustered
Shmoo,Unclustered
Shmuel,Unclustered
Shnee,Unclustered
Shock,Unclustered
Shockage,Unclustered
ShoKaseMoney,Unclustered
Shootingstar,Unclustered
ShortStuff,Unclustered
Shrimp,C1
Shua,J
Sicario,Unclustered
Sicarius,Unclustered
Sidewinder,Unclustered
Sidney,Unclustered
Siege,Unclustered
Sigman,B1
Sigmund,Unclustered
Silas,Unclustered
SilentKiller,Unclustered
Sillygoose,Unclustered
Silona,Unclustered
Silvana,Unclustered
Silverdove,Unclustered
Simba,Unclustered
Simon,Unclustered
Simpliphy,E
Sinner,Unclustered
Sinuous,Unclustered
SirDuracell,E
SirGardenPost,Unclustered
SirHarley,D1
Sirius,Unclustered
SiriusPlaque,Unclustered
SirJay,Unclustered
SirJohnDoe,Unclustered
SirLakeWood,Unclustered
SirPhilip,Unclustered
SirSheldon,Unclustered
Sirus,Unclustered
SirZoom,Unclustered
SiSi,F1
Sisyphus,Unclustered
Sitala,Unclustered
Sixeladio,Unclustered
Skadi,Unclustered
Skeeter,Unclustered
SKET,Unclustered
SkinnyMini,Unclustered
SkinnyPete,N
Skip,Unclustered
SkiPole,A1
Skipper,Unclustered
Skogenitis,Unclustered
Skpmule,None
Skrillex,Unclustered
Skruzzles,B4
SkyC,Unclustered
Skye,None
Skywalker,Unclustered
Slagathor,Unclustered
Slarp,K4
Slater,Unclustered
Sleigher,Unclustered
Slepnir,Unclustered
SlimJim,Unclustered
SlimShanky,Unclustered
Slimy,Unclustered
Slingshot,Unclustered
Slingshot10,Unclustered
Slinky,Unclustered
Sloth,Unclustered
Slowmo,Unclustered
Slowpoke,Unclustered
Slugama,Unclustered
Smalch3,Unclustered
SmallerPox,Unclustered
SmallFry,C1
Smallgem,Unclustered
Smalls,Unclustered
Smalls13,Unclustered
SmallSoldier,None
Smartypants,Unclustered
Smashbox,Unclustered
Smeadley,A8
Smeagol,Unclustered
Smeb,Unclustered
Smeegel,Unclustered
Smegermeister,Unclustered
Smidget,Unclustered
Smile,Unclustered
Smiles,Unclustered
Smiley,Unclustered
SmileyMyrus,Unclustered
Smith,Unclustered
Smitten,Unclustered
Smokey,Unclustered
Smoky,Unclustered
Smsaah13,Unclustered
SnapBack,Unclustered
Snapplemona,Unclustered
SneakyTheDog,Unclustered
Snegatron,Unclustered
SnookieMonster,Unclustered
Snoopy,Unclustered
Snooty,Unclustered
Snowflake,Unclustered
Snowkita,Unclustered
Snowman,Unclustered
SnowTiger,Unclustered
Snuffleupagus,Unclustered
SnuggleHeart,Unclustered
Snuggles,Unclustered
SoAngelic,Unclustered
Sob2010,Unclustered
Sochs,Unclustered
SoFetch13,Unclustered
Solaire,Unclustered
Solar,Unclustered
Solar36,Unclustered
Sole,Unclustered
SoletiStotinki,None
Solibear,Unclustered
SolitaireK,Unclustered
Solon,A1
Somtia,Unclustered
Sonic9,Unclustered
Sonlana,Unclustered
Soobryan,Unclustered
Sookie,Unclustered
Sophia,B1
Sophiage,Unclustered
Sophie,Unclustered
SophiesChoice,A4
Sophus,H1
Sorriso2,Unclustered
Sosa,Unclustered
Soto,B1
Sour25,Unclustered
SourDeemo,Unclustered
SourPatch,Unclustered
SouthernPearl,Unclustered
Southpaw,Unclustered
Sparagna,Unclustered
Spark,Unclustered
Sparkldeth,Unclustered
Sparkles,Unclustered
Sparkles111,Unclustered
Sparky,Singleton
Sparrow,Unclustered
Spartacus,F1
Spartacus24,Unclustered
Spartan117,Unclustered
Spartan300,B1
Sparxx,A4
Speck2x,Unclustered
Speckie,Unclustered
Speckle,Unclustered
Speckles,Unclustered
SpeckTop,Unclustered
Spectrum,Unclustered
Speed,Unclustered
SpeedyGonzales,Unclustered
Spejmaticks,Unclustered
Spercal,Unclustered
Sperk,Unclustered
Sphark,Unclustered
Spheric,Unclustered
Sphinx,Unclustered
Spike,Unclustered
Spike509,A3
Spiner,Unclustered
Spiritus,Unclustered
Spite,A1
Splat,A10
Spoon227,Unclustered
Spoonbill,F1
Spot,Unclustered
Spots,Unclustered
Spotty,Unclustered
Spring,Unclustered
SpringPoint,Unclustered
Sprinkles,Unclustered
Spruce,Unclustered
Spud,C1
Spunk,Unclustered
Spunkie94,Unclustered
Spurcatrix,Unclustered
Spyder458,Unclustered
Spyro,Unclustered
Squid,B1
Squidney,A3
Squig,Unclustered
Squints,Unclustered
Squirrel,Unclustered
Squirt,Unclustered
Squirt12,B1
Squirt17,Unclustered
Squirtle,Unclustered
Squirty,F3
SquishE59,Unclustered
Squishy,Unclustered
SrSusan,Unclustered
Stacky,Unclustered
Stanley,Unclustered
StanleyGrubber,Unclustered
Stantonidous,None
Star,None
Stark,E
Starkid,Unclustered
Stathikisj,Unclustered
SteakSauce,Unclustered
Stealth,E
StealthRUs,Unclustered
Stencil,Unclustered
Stephen,A3
Stephig9,Unclustered
Steve,Unclustered
Steve03,Unclustered
Steve27,B1
Stewie,Unclustered
StewieG,Unclustered
Sth9309,Unclustered
Sthe,Unclustered
SthokoNV,Unclustered
Stick2JrJr,Unclustered
Stiggy86,Unclustered
Stinger,B4
Stinkybox,Unclustered
Stinson,Unclustered
Stogey,Unclustered
Stokes13,Unclustered
Stoneous,Unclustered
Stonewall,Unclustered
StoPha2,Unclustered
Strainuous3,Unclustered
Straixir,Unclustered
Stratt33,Unclustered
Strawberry,Unclustered
Striker,Unclustered
StrongIslander,Unclustered
StrozzaTB,Unclustered
StruggleBus,Unclustered
Stuart,Unclustered
Stubble,Unclustered
Stuff,Unclustered
Stumpy,A2
Stumpy1,Unclustered
Stusha,Unclustered
Stuxnet,Unclustered
Suave,Unclustered
SubjectZero,Unclustered
Subrom,Unclustered
Sucette,Unclustered
SucetteDeLMort,Unclustered
Sucram,L2
Suffolk,B1
Sugar,Unclustered
SugarBear,Unclustered
Sugarplum,Unclustered
SugarPuff,Unclustered
Sukude,Unclustered
Sulley,K1
Sully,Unclustered
Sulski,Unclustered
SultanOfScree,Unclustered
Sumatra,Unclustered
Sumcarez,Unclustered
Summatime,Unclustered
Summer,Unclustered
Summit7,Unclustered
SUMO,Unclustered
Sumy,Unclustered
Sunflower,Unclustered
Sunflower4,Unclustered
SunHalo,Unclustered
Sunny,Unclustered
Sunnydelight,Unclustered
Sunnymoon,Unclustered
Sunshine,Unclustered
SunTzu,A1
SupaPhreak,Unclustered
SuperAwesome,A6
SuperGrey,F1
Superman,Unclustered
SupremeSupreme,Unclustered
Suprette,Unclustered
Surivmon,Unclustered
Susan,Unclustered
Suzie47,Unclustered
Swagger,Unclustered
Swaggington,Unclustered
Swamp,Unclustered
SwampGhost,Unclustered
Swampy,Unclustered
SWAT,Unclustered
Sweeney,Unclustered
SweetCaroline,Unclustered
SweetiePie,A2
Swirley,A5
Swish,B1
SwishCheese,Unclustered
SwissCheese,Unclustered
Switzer,A1
Swoop,Unclustered
Sykes,Unclustered
Symbah,Unclustered
Symi,Unclustered
SYNK,Unclustered
Syntax,Unclustered
TA17A,B2
Tachi9,Unclustered
TacoCat,Unclustered
Tacolla,Unclustered
TaDaBa,None
Tadpole,Unclustered
Taes,Unclustered
Taichun,Unclustered
Tailey,H1
Taino,Unclustered
Taj,F1
TallGrassMM,B1
Talon,Unclustered
Taloola,Unclustered
Taluliames,Unclustered
Tania2,Unclustered
Tank22,Unclustered
Tantarobba,Unclustered
Taquito,K4
TaraDS,Unclustered
TarBall,Unclustered
Target,A1
Tarnat,Unclustered
TarsusIV,Unclustered
Tasha,Unclustered
Tashima,Unclustered
TaskForce,Unclustered
TasmaneiniDevi,Unclustered
TaterTot,Unclustered
Tatum,G
Taurus,A3
Tausome,Unclustered
TaylorTower,Unclustered
TayRay,Unclustered
Taytay,Unclustered
Tazz,Unclustered
TBHunter1,Unclustered
TBHunter3,Unclustered
Tchaikovsky,Unclustered
Tcox12,Unclustered
Teardrop,C1
TeardropMSU,E
Tedd,Unclustered
Teddy,Unclustered
Teebjayl,Unclustered
Teemo,Singleton
Teeny,Unclustered
TeenyTiny,Unclustered
TeetorTitor,Unclustered
Tekla,J
Temazcal,Unclustered
Temi,Unclustered
Tempie,Unclustered
Tenebario,Unclustered
Termin8or,Unclustered
Terra,Unclustered
Terrance,None
TerranusJE,Unclustered
Terrasolum,Unclustered
Terrence,None
Tertomma,Unclustered
Teru1021,Unclustered
Tessa,Unclustered
Texas,Unclustered
Tezzeret,Unclustered
TFrancis,Unclustered
Thanksgivukkah,Unclustered
Thayer,Unclustered
TheColePhage,Unclustered
TheCube14,Unclustered
Theia,A5
TheLittleOne,Unclustered
TheO,C1
Theodore,Unclustered
TheRipper,B4
TheStranger,Unclustered
Theta,Unclustered
TheVindicator,Unclustered
Thibault,J
Thing1,Unclustered
ThisIsIt,Unclustered
Thor,A1
Thora,B1
ThreeOh3D2,B1
ThriftShop,Unclustered
Thuathua,C1
ThugWaffle,Unclustered
Thumbalina,Unclustered
Thunder,Unclustered
Thundercat,Unclustered
Tibbie,Unclustered
Tiberius,Unclustered
Tich1,Unclustered
Tico,Unclustered
Ticoyoso,Unclustered
Tiffany,A3
Tiger,A5
TigerFriar,Unclustered
TigerLily,Unclustered
Tigerschark,Unclustered
TigerW,Unclustered
Tigger3pi,Unclustered
Tigger99,Unclustered
Tighe,Unclustered
TIIC,Unclustered
Tikkie,Unclustered
Tilly,Unclustered
TimCurry,A4
Timmy,Unclustered
Timo,Unclustered
Timothy,Unclustered
Timshel,A7
TinaFeyge,A4
Tink,Unclustered
Tinkerbell,Unclustered
Tintin,Unclustered
Tintinade,Unclustered
Tiny,Unclustered
TinyC,None
TinyDancer,Unclustered
TinyKong,Unclustered
TinyT,Unclustered
TinyTim,C1
TinyTitan,Unclustered
Tioga4,Unclustered
Tipsy,Unclustered
TireTrack,Unclustered
TiroTheta9,A4
Titan,Unclustered
Titanium,Unclustered
TiterFighter,Unclustered
Tito,Unclustered
TizzleFlarp,None
TM4,K2
TMac,Unclustered
Toad,Unclustered
ToBeKnown,Unclustered
Tobias,Unclustered
TobyTerry,Unclustered
Tocayo,Unclustered
Todd,Unclustered
Todd2,Unclustered
Toitle,Unclustered
Tokyo,Unclustered
Tolkien,Unclustered
Tomahawk,Unclustered
Tomand,Unclustered
Tommy,A1
TomTomJr,Unclustered
Tonky,Unclustered
TonyTina,Unclustered
Tooks,Unclustered
Toola,Unclustered
Tootsie,Unclustered
TootsiePhay,Unclustered
Tootziepop,Unclustered
Topaz,Unclustered
TOPdog,Unclustered
TorinLord,Unclustered
Torque,Unclustered
Torrance3259,Unclustered
Torro,Unclustered
Tortellini,Unclustered
Tortoise16,C1
Tosin,Unclustered
TotesCute,Unclustered
Toto,E
Toxic,Unclustered
Tr33,Unclustered
Trainorbn12,Unclustered
TrainTime,Unclustered
Tralfmadore,Unclustered
Tranice,Unclustered
Tranquility,Unclustered
Tranvogen,Unclustered
Trash,Unclustered
Traveller,Unclustered
Travis,None
Tre,B1
Treadwell97,Unclustered
Treddle,A1
Tree,Unclustered
TreeBaby,Unclustered
Treebeard,Unclustered
Treehollow,Unclustered
TreeHugger,None
Treesa,Unclustered
Trex,Unclustered
Triassic,Unclustered
TribalPhever,Unclustered
TribeChoice,Unclustered
Trickster,Unclustered
Tricky,Unclustered
Triforce,Unclustered
Trike,A10
Trikez,Unclustered
Trilla23,None
Trini,Unclustered
Trinity,Unclustered
Tripl3t,A1
Tripleovertime,Unclustered
Trippy,Unclustered
TritusRC,Unclustered
Trixie,A2
Trojan,Unclustered
Troll4,D1
Trooper,Unclustered
Tropics,Unclustered
Trotsky,Unclustered
Trouble,A1
Trouble13,Unclustered
Troublemaker,Unclustered
Troum,Unclustered
TrufflaTrees,Unclustered
Truffula,Unclustered
Truman,Unclustered
Trypo,B1
TTimes2,Unclustered
Tucker,Unclustered
Tuco,E
TuesdayTeaAt3,Unclustered
Tueur,Unclustered
Tulip,Unclustered
TupacRIP,Unclustered
Tuppola,Unclustered
Turbid9,Unclustered
Turbido,A2
Turbo,Unclustered
Turby,Unclustered
Turj99,A1
TurkeyDay08,Unclustered
Turnpike,Unclustered
Tvorc,B4
Tweak,Unclustered
TweedleDee,Unclustered
Tweetbug,Unclustered
Tweety,F1
TwinA,Unclustered
TwinkeeToo,Unclustered
Twinkey,Unclustered
Twinkles,Unclustered
Twinnie,Unclustered
Twinx,Unclustered
TwistedApple,Unclustered
Twister,A10
TwistO,Unclustered
Twitch,Unclustered
Twizzel,Unclustered
Twochainz,Unclustered
TwoFace,Unclustered
Twort,Unclustered
TygerBlood,A4
Tyke,C1
Typhoon,Unclustered
TyrannoMEGArex,Unclustered
Tyrannous,Unclustered
Tyrone,A2
Tyrus,Unclustered
U2,A1
Ubetchya,Unclustered
Uffda,None
Ukukhanya,Unclustered
Ukulele,E
Uline,Unclustered
Ulysses,Unclustered
UMadBro,Unclustered
UMAWPhabio,Unclustered
Umbra,Unclustered
UMWDaisy,Unclustered
UncleHowie,B1
UncleSam,Unclustered
UncleSi,Unclustered
Uncooperative,K2
UnionJack,A5
Uniqua,Unclustered
Unknownfriend,Unclustered
Unsequencer,None
Updawg,Unclustered
UPIE,L1
Uprinter14,Unclustered
Urmi3,Unclustered
Usavi,Unclustered
Ususindagari,Unclustered
Vacant7,Unclustered
Vader,Unclustered
Valhalla,Unclustered
Validus,K1
Valinor,Unclustered
Valkyrie,Unclustered
VancortXP,Unclustered
Vandal,Unclustered
VanHelsing,Unclustered
Vanilla,Unclustered
Varg,Unclustered
Vasunator,Unclustered
Vball11,Unclustered
Vegeta,Unclustered
Veggie,Unclustered
Velveteen,F1
Venablu,Unclustered
Vendetta,Unclustered
VeniVidiVici,Unclustered
Venkman,Unclustered
Ventus,Unclustered
Venus,A1
Venus1,Unclustered
Veracruz,A3
Verb,Unclustered
Vermond,Unclustered
Veteran,Unclustered
Vfas,Unclustered
Vhyola,Unclustered
Via2013,Unclustered
Victor,Unclustered
Vincint,Unclustered
Vinjamurium,Unclustered
Vinny,Unclustered
Vinylhead,Unclustered
Vinylwins,Unclustered
Violet,A1
Viralprincess,Unclustered
Virgil,Unclustered
Vista,B1
Vitory,Unclustered
VivalaVida,Unclustered
Vivaldi,B1
Viviana,Unclustered
Vix,A3
Vixen,Unclustered
Vladimir,Unclustered
Vochelli,Unclustered
VohminGhazi,A6
Voldemite,Unclustered
Voldy,Unclustered
Volleyball527,Unclustered
Vonder,Unclustered
Vorax,Unclustered
Vortex,B1
Vortexer,Unclustered
Vulcan,Unclustered
WAC4,Unclustered
WadeNo3,Unclustered
Waffle,Unclustered
Wagner,Unclustered
WakeNPhake,Unclustered
WakeTech01,Unclustered
WakeTech02,Unclustered
Wakky,Unclustered
Waldo,Unclustered
Walker,Unclustered
WalkerTxRanger,Unclustered
Walla,Unclustered
WallabeeWay,Unclustered
Wallace,Unclustered
Wally,C1
Walter,Unclustered
Wana,A10
WANAjo25,Unclustered
Wanda,J
Wander,A4
Waronwar,Unclustered
Warrior,Unclustered
Warthog,Unclustered
Wasp,Unclustered
Watchmen,Unclustered
Waterdiva,B1
WatussiXD,Unclustered
Wave,Unclustered
Waygie,Unclustered
WDonaldW,Unclustered
Weasel,Unclustered
Weasley,Unclustered
Webster,Unclustered
Wee,F1
Weej,Unclustered
Weeman,Unclustered
Weezy,Unclustered
WeinerDog,Unclustered
Weiss13,R
WeiToGo,Unclustered
Wellnox,Unclustered
Wendy,Unclustered
Wentao,Unclustered
Wesker,Unclustered
WGPh,Unclustered
Whabigail7,A2
Whataguy,Unclustered
Wheat108,Unclustered
Wheeler,A1
Wheetthin,Unclustered
Whenindoubt,Unclustered
WhereisWaldo,Unclustered
Whim,Unclustered
Whirleybug,Unclustered
Whirlwind,L3
Whiteangel,A4
WhiteLightning,Unclustered
Whitetail,Unclustered
WhiteWhale,Unclustered
WhiteWizard,Unclustered
Widget,Unclustered
Wiggin,Unclustered
WigglyWorm,Unclustered
Wilber,Unclustered
WildBill,Unclustered
Wildcat,Singleton
Wildefire,Unclustered
Wile,A4
Wilie,Unclustered
Will,Unclustered
Willez,E
Willis,C1
Wilmo,Unclustered
Wilson,Unclustered
Wilson2013,B4
Wimbledon,Unclustered
Wimpy,Unclustered
Winchester,Unclustered
Winky,L2
Winnie,Unclustered
Winston,Unclustered
Wintry,Unclustered
Winzig,Unclustered
Wish1715,Unclustered
WIVsmall,F1
Wizard007,A4
Wods,Unclustered
WolFang,Unclustered
Wolfgang,Unclustered
Wolfthorn,Unclustered
Wolverine,Unclustered
Wonder,A3
WonderFalls,Unclustered
WoodShoe,Unclustered
Woody,Unclustered
Woof,Unclustered
Wookie,Unclustered
Wooldri,Singleton
Woosun,Unclustered
WootieJr,A5
Woozle13,A2
WorkStud14G,Unclustered
WorldEater,Unclustered
WreckingBall,None
WrobelPrize,Unclustered
Wuhan,Unclustered
Wuthering,Unclustered
WYdent,Unclustered
Wyran,Unclustered
Xalem13,Unclustered
Xander,Unclustered
Xavi,Unclustered
Xavier,B1
XavierOmicron,Unclustered
Xeba,Unclustered
Xela15,Unclustered
Xenofonda,Unclustered
Xerorex,Unclustered
Xerxes,N
xkcd,E
Xterminator,Unclustered
Xula167,Unclustered
Xylantius,Unclustered
Xylem,Unclustered
Xyloto,Unclustered
Xzanxzer,Unclustered
Yahalom,B3
Yahighness,A2
Yanis,Unclustered
Yardley91,Unclustered
Yash,Unclustered
Yashira,Unclustered
Yasir,Unclustered
Yatto,Unclustered
Yecey3,Unclustered
Yell,Unclustered
Yellow,Unclustered
Yemp,Unclustered
Yesac,Unclustered
Yeti,Unclustered
Yogibear,Unclustered
Yogurt,Unclustered
Yoko2480,Unclustered
Yolanda,Unclustered
Yolo,A5
Yonose,Unclustered
YoonJu,Unclustered
Yoospirit,Unclustered
Yoshand,B1
Yoshi,F2
YouGoGlencoco,B1
YoungGun,Unclustered
YoungOne,Unclustered
Yoyo,Unclustered
Yseedy,Unclustered
YungJamal,O
Yunkel11,Unclustered
Yuyu12,Unclustered
Zaaboot,A2
ZachAttack,Unclustered
ZachCStarewich,Unclustered
ZacheriahCL1PU,Unclustered
ZacheryCLake,Unclustered
ZAG12,Unclustered
Zagman,Unclustered
Zaka,A6
Zama,Unclustered
Zambuka,Unclustered
Zamora,Unclustered
Zams,Unclustered
Zanasfish,Unclustered
Zaney,Unclustered
Zanos,Unclustered
Zapner,F2
Zappa,Unclustered
Zardona,Unclustered
Zashind,Unclustered
Zazu,Unclustered
Zebulon3,Unclustered
Zed42,Unclustered
Zeeba,None
Zeenon,C1
Zelda,B1
Zelezo,A1
Zemanar,B4
Zen222,Unclustered
Zena17,Unclustered
Zeny,Unclustered
Zephyr,A1
Zeppelin,Unclustered
Zerg,Unclustered
Zerneshlia,Unclustered
Zero,Unclustered
Zerstoerer,A10
Zetzy,A3
Zeus,Unclustered
Zeus1,Unclustered
Zeuska,A1
Zhangus,Unclustered
ZheroDRT,None
Zieke,Unclustered
Zigg,K2
Zigzag,Unclustered
Zilerak,Unclustered
Zippy,Unclustered
Ziva,Unclustered
ZoeJ,K2
Zola,Unclustered
Zollars18,B3
Zombie,G
Zonia,B1
Zoolander,Unclustered
ZoomZoomZoom,Unclustered
Zorbinski,Unclustered
ZoSo,Unclustered
Zoziegirl,Unclustered
Zuzu,Unclustered
ZygoTaiga,C1
