CRISPR Name,FASTA file name,phage cluster,gene sequence,start codon,stop codon,nucleotides before/after start codon,PAM,protein in RF1,protein in RF2,protein in RF3,protein in RF4,protein in RF5,protein in RF6
NC_019951_9_21,Sparky.fasta,Singleton,CCACCAGCAGGACGCCTGGTACCGCGATGGCGTCATCGCGTGCG,40242,40276,5,CCACC,PPAGRLVPRWRHRV,HQQDAWYRDGVIAC,TSRTPGTAMASSRA,ACATAVAPWSAGRP,RALLR*RHGPQDDH,VRYCGSAMVRRTTT
NC_019951_8_42,Amelie.fasta,K1,AGGGCAAGACGATCGCCAACAAGCACGGCTTCCTG,32387,32362,5,AGGGC,RARRSPTSTAS,GQDDRQQARLP,GKTIANKHGFL,VLRHEQPLAER,SFGTNNR*QNG,PSARTTASRTG
NC_019951_9_20,Squirty.fasta,F3,TTGGCCGCTGCGGAAACGGAAACCGCTGCGCATCTTCGTCAACT,48497,48531,5,TTGGC,LAAAETETAAHLRQ,WPLRKRKPLRIFVN,GRCGNGNRCASSST,STASTRRQRQRRRR,QLLLRVAKGKGVAG,NCFYASPKAKASPV
NC_019951_9_21,RonRayGun.fasta,T,CCACCAGCAGGACGCCTGGTATCGCGACGGCGTTATCGCGAACG,33595,33629,5,CCACC,PPAGRLVSRRRYRE,HQQDAWYRDGVIAN,TSRTPGIATALSRT,ASAIAAALWSAGRP,QALLRQRYGPQDDH,KRYCGSAMVRRTTT
NC_019951_9_21,Mendokysei.fasta,T,CCACCAGCAGGACGCCTGGTACCGAGACGGCGTCATTGCCAACG,32701,32735,5,CCACC,PPAGRLVPRRRHCQ,HQQDAWYRDGVIAN,TSRTPGTETASLPT,ATVTAAEPWSAGRP,QPLLRQSHGPQDDH,NRYCGRAMVRRTTT
NC_019951_9_9,Petp2012.fasta,A1,GACCGCGATCTCCCGGGCCGCCCCGGGTATCTCGTCGTTCAC,18004,17972,5,GACCG,DRDLPGRPGYLVVH,TAISRAAPGISSF,PRSPGPPRVSRRS,HLLLYGPRRAL*RQ,TCCSMGPAGPSSA,LAALWAPPGPLAP
NC_000962_6_12|NC_008769_4_13|NC_009525_6_12|NC_012207_4_13|NC_012943_2_12|NC_015758_5_14|NC_016768_2_12|NC_016804_4_13|NC_017524_8_4|NC_017528_7_12|NC_018078_2_12|NC_018143_6_12|NC_020089_4_25|NC_020245_4_13|NC_020559_5_14|NC_021054_8_11,Zemanar.fasta,B4,AGCGGCAACGTCGGCGGCAACCTGGCTGGCGCGGCCACG,25300,25271,5,AGCGG,SGNVGGNLAGAAT,AATSAATWLARP,RQRRRQPGWRGH,APARSVQRRLQRR,HRRGRSNGGCNG,TGAVGPTAAATA
NC_000962_6_9|NC_002755_6_10|NC_002945_5_10|NC_008769_4_10|NC_009525_6_9|NC_009565_6_7|NC_012207_4_10|NC_012943_2_15|NC_015758_5_11|NC_016768_2_15|NC_016804_4_10|NC_017524_8_1|NC_017528_7_9|NC_018078_2_15|NC_018143_6_9|NC_020089_4_22|NC_020245_4_10|NC_021054_8_8,Phineas.fasta,P,TCGGCGATCCGACGATCCGCATCACCCCGAAGGGCATGG,29080,29109,5,TCGGC,SAIRRSASPRRAW,RRSDDPHHPEGH,GDPTIRITPKGM,GTGSPTTPSSLAA,VREAPLRLAA*R,YGKPHYA*QPSG
NC_019951_8_42,Anaya.fasta,K1,CGGGCAAGACGATTGCCAACAAGCACGGGTTCC,33498,33475,5,CGGGC,RARRLPTSTGS,GQDDCQQARV,GKTIANKHGF,PWARTTVSRTG,LGHEQPLAER,LGTNNR*QNG
NC_002755_5_12|NC_002945_4_10|NC_008769_3_12|NC_012207_3_12|NC_015758_4_23|NC_016804_3_12|NC_017026_6_18|NC_020089_4_12|NC_020245_3_12|NC_020559_4_12,Zeuska.fasta,A1,TGACGTCGCTGATCGGCTCCCCGGCCTA,31263,31281,5,TGACG,*RR*SAPRP,DVADRLPGL,TSLIGSPA,IRPLG*SLQ,SGPSASRCS,PAPRLVAA
NC_002755_5_12|NC_002945_4_10|NC_008769_3_12|NC_012207_3_12|NC_015758_4_23|NC_016804_3_12|NC_017026_6_18|NC_020089_4_12|NC_020245_3_12|NC_020559_4_12,Violet.fasta,A1,TGACGTCGCTGATCGGCTCCCCGGCGTA,31100,31118,5,TGACG,*RR*SAPRR,DVADRLPGV,TSLIGSPA,MRPLG*SLQ,CGPSASRCS,AAPRLVAA
NC_015848_5_21,Omnicron.fasta,K5,GCAGATCGAGGCCAGCAACGACGACGCGCTGGTCGGTGTTG,48280,48311,5,GCAGA,ADRGQQRRRAGRC,QIEASNDDALVGV,RSRPATTTRWSVL,VVAGRAAATTGAR,LWLVAQQQRPELD,CGWSRSSNDRS*T
NC_015848_5_21,Kratio.fasta,K5,GGTCGAGGCTGGCAATGACGACGCGCTGGTTGGCGTCG,45827,45855,5,GGTCG,GRGWQ*RRAGWR,VEAGNDDALVGV,SRLAMTTRWLAS,AAVGRAAVTVGA,LRLVAQQ*RSEL,CGWSRSSNGRSW
NC_015848_5_21,DS6A.fasta,Singleton,CGCCGAGGCCGGCAACGACGACGCGCTCGTAGGCGTGG,56058,56086,5,CGCCG,RRGRQRRRARRR,AEAGNDDALVGV,PRPATTTRS*AW,GADARAAATAGA,VRMLAQQQRPEP,CGCSRSSNGRSR
NC_019952_4_2,TA17A.fasta,B2,AGTCGAAGGCCTTATCGGCGCGGTGGCCGCCCTGGA,15002,14976,5,AGTCG,SRRPYRRGGRPG,VEGLIGAVAAL,SKALSARWPPW,RSRRWRGYSGS*,GPAGGAAIPEA,VPPVARLFRKL
NC_019952_4_2,Littleton.fasta,C1,,170974,170948,5,,,,,,,
NC_019951_9_23,ZygoTaiga.fasta,C1,GTGACGCCAACCCCTCGGCGTCGGTCAACGTCGACCGCAAGAA,111174,111207,5,GTGAC,VTPTPRRRSTSTAR,*RQPLGVGQRRPQE,DANPSASVNVDRK,KNASCNWLRLPNRS,RTPAATGCGSPTAV,ERQLQLAAAPQPQ
NC_019951_9_27,Spoonbill.fasta,F1,CTCGTGGCGAGACAAAGCCCTGTGCGCCCAAGTCGA,38567,38593,5,CTCGT,LVARQSPVRPSR,SWRDKALCAQV,RGETKPCAPKS,S*TRVSRNRAVL,AEPACPETERC,LNPRVPKQSGA
NC_015758_4_10,Shipwreck.fasta,P,TCAGCGTGTCGGCGACGAGTGGCTGCTGCAA,37986,38007,5,TCAGC,SACRRRVAAA,QRVGDEWLLQ,SVSATSGCC,NVVGEQRLCD,TSSVSSGCAT,RRR*AAAVR
NC_015848_5_23,Yoshi.fasta,F2,ATGGTTCGCCGACCTGTTCGCTGTCGTGCCCGACGATGAGG,36339,36370,5,ATGGT,MVRRPVRCRARR*,WFADLFAVVPDDE,GSPTCSLSCPTMR,GVAARAVACPAAW,E*QPVLSLVQPLG,SSSPCCRLSSRLV
NC_015848_5_23,KayaCho.fasta,B4,AGCCCGTCGTCGGGGTCGACCACGAACAGGCCGTCGTGG,47519,47490,5,AGCCC,SPSSGSTTNRPSW,ARRRGRPRTGRR,PVVGVDHEQAVV,GAAGQAPAGAAAR,VLPDKHQLGLLP,CCRTSTSWGCCP
NC_000962_6_12|NC_008769_4_13|NC_009525_6_12|NC_012207_4_13|NC_012943_2_12|NC_015758_5_14|NC_016768_2_12|NC_016804_4_13|NC_017524_8_4|NC_017528_7_12|NC_018078_2_12|NC_018143_6_12|NC_020089_4_25|NC_020245_4_13|NC_020559_5_14|NC_021054_8_11,JAMaL.fasta,B4,AGCGGCAACGTCGGCGGCAACCTGGCCAACG,25476,25455,5,AGCGG,SGNVGGNLAN,AATSAATWPT,RQRRRQPGQ,ATGPTAAATA,QPVQRRLQRR,NRSNGGCNG
NC_000962_6_12|NC_008769_4_13|NC_009525_6_12|NC_012207_4_13|NC_012943_2_12|NC_015758_5_14|NC_016768_2_12|NC_016804_4_13|NC_017524_8_4|NC_017528_7_12|NC_018078_2_12|NC_018143_6_12|NC_020089_4_25|NC_020245_4_13|NC_020559_5_14|NC_021054_8_11,Frederick.fasta,B4,AGCGGCAACGTCGGCGGCAACCTGGCTGGCG,25297,25276,5,AGCGG,SGNVGGNLAG,AATSAATWLA,RQRRRQPGW,AVGPTAAATA,RSVQRRLQRR,GRSNGGCNG
NC_000962_6_12|NC_008769_4_13|NC_009525_6_12|NC_012207_4_13|NC_012943_2_12|NC_015758_5_14|NC_016768_2_12|NC_016804_4_13|NC_017524_8_4|NC_017528_7_12|NC_018078_2_12|NC_018143_6_12|NC_020089_4_25|NC_020245_4_13|NC_020559_5_14|NC_021054_8_11,Cooper.fasta,B4,AGCGGCAACGTCGGCGGCAACCTGGCCGGGG,24479,24458,5,AGCGG,SGNVGGNLAG,AATSAATWPG,RQRRRQPGR,GAGPTAAATA,GPVQRRLQRR,GRSNGGCNG
NC_002755_6_3|NC_002945_5_4|NC_008769_4_4|NC_012207_4_4|NC_015758_5_4|NC_016804_4_4|NC_020089_4_15|NC_020245_4_4|NC_020559_5_4,Amelie.fasta,K1,CAGTACAGCGACGCGATCGTCGACGAGGCGC,39286,39307,5,CAGTA,QYSDAIVDEA,STATRSSTRR,VQRRDRRRG,RGAAASAAT*,AEQLLAQRHD,RSSC*RSDM
NC_015758_4_11,Acadian.fasta,B5,CCCGCGTGGCTCTGTATGCGTTCCTCGGCGTCGGCGGGT,15068,15097,5,CCCGC,PAWLCMRSSASAG,PRGSVCVPRRRR,RVALYAFLGVGG,WAAAAPCVCLGAP,GRLRLLAYVSVR,GGCGSLRMSRCA
NC_020276_1_1,Rebeuca.fasta,A10,CGACGGAATTGGCCGATGAGCTGCAGCGAT,50893,50873,5,CGACG,RRNWPMSCSD,DGIGR*AAA,TELADELQR,*RRRVAG*GS,SDVE*PVKA,ATSSSRLRQ
NC_002755_5_12|NC_002945_4_10|NC_008769_3_12|NC_012207_3_12|NC_015758_4_23|NC_016804_3_12|NC_017026_6_18|NC_020089_4_12|NC_020245_3_12|NC_020559_4_12,Trouble.fasta,A1,TGACGTCGCTGATCGGCTCCCCCGCCT,31534,31551,5,TGACG,*RR*SAPPP,DVADRLPR,TSLIGSPA,SAPSASRCS,PPPRLVAA,RPLG*SLQ
NC_002755_5_12|NC_002945_4_10|NC_008769_3_12|NC_012207_3_12|NC_015758_4_23|NC_016804_3_12|NC_017026_6_18|NC_020089_4_12|NC_020245_3_12|NC_020559_4_12,Kykar.fasta,A1,TGACGTCGCTGATCGGCTCCCCAGCGT,30090,30107,5,TGACG,*RR*SAPQR,DVADRLPS,TSLIGSPA,CDPSASRCS,ATPRLVAA,RPLG*SLQ
NC_002755_5_12|NC_002945_4_10|NC_008769_3_12|NC_012207_3_12|NC_015758_4_23|NC_016804_3_12|NC_017026_6_18|NC_020089_4_12|NC_020245_3_12|NC_020559_4_12,BillKnuckles.fasta,A1,TGACGTCGCTGATCGGCTCCCCCGCGT,31430,31447,5,TGACG,*RR*SAPPR,DVADRLPR,TSLIGSPA,CAPSASRCS,APPRLVAA,RPLG*SLQ
NC_019951_9_8,Trixie.fasta,A2,AGAGCCACGCGGTGCCGTCGCGATCACGCCACACACCGATC,49183,49152,5,AGAGC,RATRCRRDHATHR,EPRGAVAITPHTD,SHAVPSRSRHTPI,LATHRTSAAVAHR,*PHTALALPWRTE,SHTPH*RCRGAPR
NC_019952_4_2,Validus.fasta,K1,AGCCTCGGCGCCGTGGCCGCCGCCGTGAAC,37450,37430,5,AGCCT,SLGAVAAAVN,ASAPWPPP*,PRRRGRRRE,QVPPPVPRLR,KCRRRCRGS,SAAAGAAAP
NC_019952_5_10,OkiRoe.fasta,K5,CACGGCTCAACCGGATCTGCTCAGCGGCCGGCGTGCGC,59084,59112,5,CACGG,HGSTGSAQRPAC,TAQPDLLSGRRA,RLNRICSAAGVR,RVRPATRLGQLG,ACGRRLV*ANSA,RAAGDSSRPTRH
NC_019951_8_24,Echild.fasta,A2,GCCAGGTCCACCACCGCAGGGAGGACC,304,321,5,GCCAG,ARSTTAGRT,PGPPPQGG,QVHHRRED,PGGTPPPGP,QEGRHHLD,RRDATTWT
NC_019951_8_41,Zapner.fasta,F2,TCATCACCCCCGGCGCCGCCGAGGTCACGATC,23317,23339,5,TCATC,SSPPAPPRSR,HHPRRRRGHD,ITPGAAEVTI,LALEPPRPPL,*HWSRRGPHY,STGAAAAPTT
NC_019951_9_16,Myrna.fasta,C2,TCAGCGTAGGCCTGCAGCAGCGCGACCTGAAT,96708,96730,5,TCAGC,SA*ACSSAT*,QRRPAAARPE,SVGLQQRDLN,*VQRDDVRMR,KSSATTSGCD,SPARRRPDAT
NC_019951_9_24,Willez.fasta,E,CCAGGTCGGTGACCGCCCGGGACAGGCAGGCC,37255,37233,5,CCAGG,PGR*PPGTGR,QVGDRPGQAG,RSVTARDRQA,PDGQGPPVAG,RTDRARQWLD,GRTGPASGWT
NC_019951_9_34,Yahalom.fasta,B3,GAGCGTTGATCGCGTCGGTGATCGCGT,46348,46365,5,GAGCG,ER*SRR*SR,SVDRVGDR,ALIASVIA,CASGCASCE,ALVAALVA,R*WLR*LR
NC_019951_9_34,PackMan.fasta,A9,TACGTCGCGACGGGGATGAACTCGATCAGTTC,28862,28884,5,TACGT,YVATGMNSIS,TSRRG*TRSV,RRDGDELDQF,LD*LK*GQRC,LTSSSRGSAA,*LAQVGAALH
NC_019952_4_4,DS6A.fasta,Singleton,CAGCGTCGATGGTGGTGTCGATGAGGC,7333,7316,5,CAGCG,QRRWWCR*G,SVDGGVDE,ASMVVSMR,RSSCGGSCD,GVAVVVAA,E*LWW*LR
NC_019965_7_9,Timshel.fasta,A7,ACGAGATCCGCGATGCCCGTGAGCGCGGCCAGTCC,12028,12053,5,ACGAG,TRSAMPVSAAS,RDPRCP*ARPV,EIRDARERGQS,PDRRECP*RLE,LTGASARSA*S,*PARVPVAPRA
NC_017026_8_3,Zeuska.fasta,A1,GACTCGGCCCCGGCGACGCTGGACACG,2689,2706,5,GACTC,DSAPATLDT,TRPRRRWT,LGPGDAGH,AQVAAAPAQ,HRSQRPRL,TGRSGPGS
NC_019951_8_49,OkiRoe.fasta,K5,ACATTCGACCTCACCATCGGCGACGACACC,19150,19170,5,ACATT,TFDLTIGDDT,HSTSPSATT,IRPHHRRRH,PQQRLPLQLT,HSSGYHSSL,TAAATTPAY
NC_019951_9_28,SG4.fasta,F1,TCTGCCACGACCCGGCAGACGACTCTC,51173,51190,5,TCTGC,SATTRQTTL,LPRPGRRL,CHDPADDS,LSADGPAPS,SQQTAQHR,LSRRPSTV
NC_019951_9_28,Mendokysei.fasta,T,CGGTGGCCGACGAACTCGACGCGATCGACCACCAG,5036,5061,5,CGGTG,RWPTNSTRSTT,GGRRTRRDRPP,VADELDAIDHQ,DHQLAQLKQPV,TTS*RSSSSRW,PPASAAQAAGG
NC_019951_9_42,Timshel.fasta,A7,CCATCGTGCAGGGCGTCGAGGAGGCGG,26549,26532,5,CCATC,PSCRASRRR,HRAGRRGG,IVQGVEEA,GGGAAGRAT,AEELRDVL,RRSCGTCY
NC_019951_9_11,OBUpride.fasta,Q,GTGCCGCGGACGGCCCCACCGGCGACGCGCCAGGT,1281,1256,5,GTGCC,VPRTAPPATRQ,CRGRPHRRRAR,AADGPTGDAPG,WTAQRPPRQAP,GPRSGHPGRRR,DRAAATPAGAV
NC_015848_5_15|NC_019950_7_15,Trixie.fasta,A2,GAGGCCACCTACATCCTGACCCGCGCCGCCATCGGCGGC,16253,16282,5,GAGGC,EATYILTRAAIGG,RPPTS*PAPPSA,GHLHPDPRRHRR,RRLPPRPVLHPPE,GGYRRAQSYIHR,AATAAPSPTSTG
NC_015848_5_15|NC_019950_7_15,EvilGenius.fasta,A2,GAAGCCACCTACATCCTGACCCGCGCCGCCATCGGCGGC,15003,15032,5,GAAGC,EATYILTRAAIGG,KPPTS*PAPPSA,SHLHPDPRRHRR,RRLPPRPVLHPPK,GGYRRAQSYIHR,AATAAPSPTSTE
NC_015848_5_7|NC_019950_7_7,Sulley.fasta,K1,GCGGCGGCGACGGCGGCGCGTTCGTCG,24241,24224,5,GCGGC,AAATAARSS,RRRRRRVR,GGDGGAFV,AACAAAAAA,LLARRQRR,CLRGGSGG
NC_015848_5_7|NC_019950_7_7,Stinger.fasta,B4,GTGTCGCCGCCGTCGCCGGGCAGCAGGTCG,44780,44800,5,GTGTC,VSPPSPGSRS,CRRRRRAAG,VAAVAGQQV,AGRRAAAAAV,LDDGPLPPL,WTTGRCRRC
NC_015848_5_7|NC_019950_7_7,SemperFi.fasta,A2,TCGTCGCCGCCGTCGCAGGGCACCAACGTCCG,24382,24404,5,TCGTC,SSPPSQGTNV,RRRRRRAPTS,VAAVAGHQRP,ACNHGTLPPL,PATTGRCRRC,LQPRDAAAAA
NC_015848_5_7|NC_019950_7_7,RonRayGun.fasta,T,AACAGCCCGGCGACGGCGGCGCTGCCC,15568,15551,5,AACAG,NSPATAALP,TARRRRRC,QPGDGGAA,PVAAAAARQ,PSRRQRPD,RRGGSGPT
NC_015848_5_7|NC_019950_7_7,Reprobate.fasta,B5,ACGCGCCCGGCGACGCCGGAGCGTTGGAGGTC,36796,36774,5,ACGCG,TRPATPERWR,RARRRRSVGG,APGDAGALEV,LEVARPQRPA,WRLRGRSGPR,GGCEAAAARA
NC_015848_5_7|NC_019950_7_7,Mendokysei.fasta,T,ACCAGCCCGGCGACGGCGGCGCTGCCC,15378,15361,5,ACCAG,TSPATAALP,PARRRRRC,QPGDGGAA,PVAAAAARP,PSRRQRPD,RRGGSGPT
